time_seconds,state,badge_1_x,badge_1_y,badge_2_x,badge_2_y
0.04,0,380,278,504,189
0.08,0,380,278,504,189
0.12,0,380,278,504,189
0.16,0,380,278,504,189
0.2,0,380,278,504,189
0.24,0,380,278,504,189
0.28,0,380,278,504,189
0.32,0,380,278,504,189
0.36,0,380,278,504,189
0.4,0,380,278,504,189
0.44,0,380,278,504,189
0.48,0,380,278,504,189
0.52,0,380,278,504,189
0.56,0,380,278,504,189
0.6,0,380,278,504,189
0.64,0,380,278,504,189
0.68,0,380,278,504,189
0.72,0,380,278,504,189
0.76,0,380,278,504,189
0.8,0,380,278,504,189
0.84,0,380,278,504,189
0.88,0,380,278,504,189
0.92,0,380,278,504,189
0.96,0,380,278,504,189
1.0,0,380,278,504,189
1.04,0,380,278,504,189
1.08,0,380,278,504,189
1.12,0,380,278,504,189
1.16,0,380,278,504,189
1.2,0,380,278,504,189
1.24,0,380,278,504,189
1.28,0,380,278,504,189
1.32,0,380,278,504,189
1.36,0,380,278,504,189
1.4,0,380,278,504,189
1.44,0,380,278,504,189
1.48,0,380,278,504,189
1.52,0,380,278,504,189
1.56,0,380,278,504,189
1.6,0,380,278,504,189
1.64,0,380,278,504,189
1.68,0,380,278,504,189
1.72,0,380,278,504,189
1.76,0,380,278,504,189
1.8,0,380,278,504,189
1.84,0,380,278,504,189
1.88,0,380,278,504,189
1.92,0,380,278,504,189
1.96,0,380,278,504,189
2.0,0,380,278,504,189
2.04,0,380,278,504,189
2.08,0,380,278,504,189
2.12,0,380,278,504,189
2.16,0,380,278,504,189
2.2,0,380,278,504,189
2.24,0,380,278,504,189
2.28,0,380,278,504,189
2.32,0,380,278,504,189
2.36,0,380,278,504,189
2.4,0,380,278,504,189
2.44,0,380,278,504,189
2.48,0,380,278,504,189
2.52,0,380,278,504,189
2.56,0,380,278,504,189
2.6,0,380,278,504,189
2.64,0,380,278,504,189
2.68,0,380,278,504,189
2.72,0,380,278,504,189
2.76,0,380,278,504,189
2.8,0,380,278,504,188
2.84,0,380,278,504,188
2.88,0,380,278,504,188
2.92,0,380,278,504,188
2.96,0,379,278,504,189
3.0,0,379,278,504,189
3.04,0,379,278,504,189
3.08,0,379,278,504,189
3.12,0,379,278,504,189
3.16,0,379,278,504,189
3.2,0,379,278,504,189
3.24,0,379,278,504,189
3.28,0,380,278,504,189
3.32,0,380,278,504,189
3.36,0,380,278,504,189
3.4,0,380,278,504,189
3.44,0,380,278,504,189
3.48,0,379,278,504,189
3.52,0,379,278,504,189
3.56,0,379,278,504,189
3.6,0,379,278,504,189
3.64,0,379,278,504,189
3.68,0,379,278,504,189
3.72,0,379,278,504,189
3.76,0,379,278,504,189
3.8,0,379,278,504,189
3.84,0,379,278,504,189
3.88,0,379,278,504,189
3.92,0,379,278,504,189
3.96,0,379,278,504,189
4.0,0,379,278,504,189
4.04,0,379,278,504,189
4.08,0,379,278,504,189
4.12,0,379,278,504,189
4.16,0,379,278,504,189
4.2,0,379,278,504,189
4.24,0,379,278,504,189
4.28,0,379,278,504,189
4.32,0,379,278,504,189
4.36,0,379,278,504,189
4.4,0,379,278,504,189
4.44,0,379,278,504,189
4.48,0,379,278,504,189
4.52,0,379,278,504,189
4.56,0,379,278,504,189
4.6,0,379,278,504,189
4.64,0,379,278,504,189
4.68,0,379,278,504,189
4.72,0,379,278,504,189
4.76,0,379,278,504,189
4.8,0,379,278,504,189
4.84,0,379,278,504,189
4.88,0,379,278,504,189
4.92,0,379,278,504,189
4.96,0,379,278,504,189
5.0,0,379,278,504,189
5.04,0,379,278,504,189
5.08,0,379,278,504,189
5.12,0,379,278,504,189
5.16,0,379,278,504,189
5.2,0,379,278,504,189
5.24,0,379,278,504,189
5.28,0,379,278,504,189
5.32,0,379,278,504,189
5.36,0,379,278,504,189
5.4,0,379,278,504,189
5.44,0,379,278,504,189
5.48,0,379,278,504,189
5.52,0,379,278,504,189
5.56,0,379,278,504,189
5.6,0,379,278,504,189
5.64,0,379,278,504,189
5.68,0,379,278,504,189
5.72,0,379,278,504,189
5.76,0,379,278,504,189
5.8,0,379,278,504,189
5.84,0,379,278,504,189
5.88,0,379,278,504,189
5.92,0,379,278,504,189
5.96,0,379,278,504,189
6.0,0,379,278,504,189
6.04,0,379,278,504,189
6.08,0,379,278,504,189
6.12,0,379,278,504,189
6.16,0,379,278,504,189
6.2,0,379,278,504,189
6.24,0,379,278,504,189
6.28,0,379,278,504,189
6.32,0,379,278,504,189
6.36,0,379,278,504,189
6.4,0,379,278,504,189
6.44,0,379,278,504,189
6.48,0,379,278,504,189
6.52,0,379,278,504,189
6.56,0,379,278,504,189
6.6,0,379,278,504,189
6.64,0,379,278,504,189
6.68,0,379,278,504,189
6.72,0,379,278,504,189
6.76,0,379,278,504,189
6.8,0,379,278,504,189
6.84,0,379,278,504,189
6.88,0,379,278,504,189
6.92,0,379,278,504,189
6.96,0,379,278,504,189
7.0,0,379,278,504,189
7.04,0,379,278,504,189
7.08,0,379,278,504,189
7.12,0,379,278,504,189
7.16,0,379,278,504,189
7.2,0,379,278,504,189
7.24,0,379,278,504,189
7.28,0,379,278,504,189
7.32,0,379,278,504,189
7.36,0,379,278,504,189
7.4,0,379,278,504,189
7.44,0,379,278,504,189
7.48,0,379,278,504,189
7.52,0,379,278,504,189
7.56,0,379,278,504,189
7.6,0,379,278,504,189
7.64,0,379,278,504,189
7.68,0,379,278,504,189
7.72,0,379,278,504,189
7.76,0,379,278,504,189
7.8,0,379,278,504,189
7.84,0,379,278,504,189
7.88,0,379,278,504,189
7.92,0,379,278,504,189
7.96,0,379,278,504,189
8.0,0,379,278,504,189
8.04,0,379,278,504,189
8.08,0,379,278,504,189
8.12,0,379,278,504,189
8.16,0,379,278,504,189
8.2,0,379,278,504,189
8.24,0,379,278,504,189
8.28,0,379,278,504,189
8.32,0,379,278,504,189
8.36,0,379,278,504,189
8.4,0,379,278,504,189
8.44,0,379,278,504,189
8.48,0,379,278,504,189
8.52,0,379,278,504,189
8.56,0,379,278,504,189
8.6,0,379,278,504,189
8.64,0,379,278,504,189
8.68,0,379,278,504,189
8.72,0,379,278,504,189
8.76,0,379,278,504,189
8.8,0,379,278,504,189
8.84,0,379,278,504,189
8.88,0,379,278,504,189
8.92,0,379,278,504,189
8.96,0,379,278,504,189
9.0,0,379,278,504,189
9.04,0,379,278,504,189
9.08,0,379,278,504,189
9.12,0,379,278,504,189
9.16,0,379,278,504,189
9.2,0,379,278,504,189
9.24,0,379,278,504,189
9.28,0,379,278,504,189
9.32,0,379,278,504,189
9.36,0,379,278,504,189
9.4,0,379,278,504,189
9.44,0,379,278,504,189
9.48,0,379,278,504,189
9.52,0,379,278,504,189
9.56,0,379,278,504,189
9.6,0,379,278,504,189
9.64,0,379,278,504,189
9.68,0,379,278,504,189
9.72,0,379,278,504,189
9.76,0,379,278,504,189
9.8,0,379,278,504,189
9.84,0,379,278,504,189
9.88,0,379,278,504,189
9.92,0,379,278,504,189
9.96,0,379,278,504,189
10.0,0,379,278,504,189
0.04,0,451,364,565,180
0.09,0,450,363,565,179
0.13,0,454,361,564,178
0.17,0,460,357,563,178
0.21,0,466,347,564,178
0.26,0,470,332,564,178
0.3,0,471,313,564,178
0.34,0,471,295,564,178
0.38,0,470,281,565,178
0.43,0,466,268,565,179
0.47,0,464,261,565,179
0.51,0,464,259,565,179
0.55,0,465,262,565,178
0.6,0,469,270,565,178
0.64,0,473,285,566,178
0.68,0,476,303,566,179
0.72,0,476,320,566,180
0.77,0,471,340,566,180
0.81,0,464,356,566,180
0.85,0,458,366,566,180
0.89,0,452,365,566,180
0.94,0,452,364,566,180
0.98,0,457,362,566,180
1.02,0,463,355,566,181
1.06,0,467,344,566,181
1.11,0,470,328,566,182
1.15,0,468,310,566,182
1.19,0,465,294,566,182
1.23,0,461,279,566,181
1.28,0,455,268,566,179
1.32,0,452,262,566,179
1.36,0,452,261,565,178
1.4,0,458,267,565,178
1.45,0,466,282,565,178
1.49,0,471,299,565,179
1.53,0,473,321,565,179
1.57,0,470,340,565,180
1.62,0,466,354,565,180
1.66,0,462,358,565,181
1.7,0,462,355,566,182
1.74,0,467,346,567,183
1.79,0,469,333,568,185
1.83,0,470,317,569,188
1.87,0,469,302,570,191
1.91,0,466,289,570,194
1.96,0,465,279,570,197
2.0,0,463,273,570,199
2.04,0,462,272,570,201
2.08,0,463,275,570,203
2.13,0,466,284,572,204
2.17,0,469,295,571,207
2.21,0,474,312,572,208
2.25,0,478,330,572,210
2.3,0,481,345,573,211
2.34,0,482,351,573,211
2.38,0,483,350,574,213
2.42,0,483,343,575,214
2.47,0,481,331,575,215
2.51,0,478,317,574,214
2.55,0,474,304,573,214
2.59,0,470,293,572,213
2.64,0,466,286,571,212
2.68,0,462,282,569,211
2.72,0,461,281,566,208
2.76,0,461,285,563,204
2.81,0,462,292,561,200
2.85,0,465,304,559,195
2.89,0,470,320,557,190
2.93,0,474,338,555,185
2.98,0,476,354,555,181
3.02,0,477,363,555,180
3.06,0,478,368,556,178
3.1,0,478,370,557,178
3.15,0,478,370,558,178
3.19,0,477,369,559,179
3.23,0,477,367,560,179
3.27,0,475,364,560,180
3.32,0,474,360,561,181
3.36,0,472,355,561,183
3.4,0,471,350,561,185
3.44,0,469,347,560,186
3.49,0,468,343,559,189
3.53,0,467,342,560,192
3.57,0,466,343,560,193
3.61,0,466,346,560,195
3.66,0,466,352,560,197
3.7,0,466,357,560,199
3.74,0,467,361,560,202
3.78,0,466,364,560,204
3.83,0,466,364,561,205
3.87,0,465,360,562,206
3.91,0,464,352,563,206
3.95,0,464,339,564,207
4.0,0,463,322,565,208
4.04,0,461,307,567,208
4.08,0,461,290,568,209
4.12,0,460,277,569,209
4.17,0,457,267,570,210
4.21,0,456,264,570,210
4.25,0,457,266,570,210
4.29,0,460,275,570,214
4.34,0,464,292,570,213
4.38,0,466,310,570,214
4.42,0,470,335,571,215
4.46,0,470,353,571,213
4.51,0,470,362,571,213
4.55,0,469,364,571,213
4.59,0,469,363,572,213
4.63,0,469,360,572,214
4.68,0,468,355,572,214
4.72,0,467,348,572,214
4.76,0,466,336,571,213
4.8,0,464,320,571,213
4.85,0,461,304,571,213
4.89,0,460,289,570,212
4.93,0,458,274,570,212
4.97,0,456,264,570,210
5.02,0,454,257,570,209
5.06,0,454,256,570,207
5.1,0,456,261,570,204
5.14,0,459,271,571,200
5.19,0,462,289,571,196
5.23,0,464,309,571,192
5.27,0,466,332,570,187
5.31,0,466,348,570,184
5.36,0,466,356,570,180
5.4,0,465,357,570,176
5.44,0,466,355,569,173
5.48,0,466,353,569,170
5.53,0,466,348,569,166
5.57,0,466,339,569,161
5.61,0,464,324,569,158
5.65,0,461,307,568,155
5.7,0,459,291,568,151
5.74,0,456,275,568,147
5.78,0,455,265,567,144
5.82,0,455,258,567,141
5.87,0,456,257,567,141
5.91,0,458,261,567,141
5.95,0,460,271,567,141
5.99,0,463,285,567,141
6.04,0,464,303,567,141
6.08,0,466,321,567,141
6.12,0,466,337,567,141
6.16,0,466,347,567,141
6.21,0,466,352,567,141
6.25,0,465,354,567,141
6.29,0,465,354,561,151
6.33,0,465,351,562,153
6.38,0,465,348,563,154
6.42,0,464,341,565,156
6.46,0,464,333,567,157
6.5,0,463,323,568,157
6.55,0,460,316,569,156
6.59,0,459,309,571,155
6.63,0,458,306,570,153
6.67,0,458,305,570,150
6.72,0,458,307,569,148
6.76,0,459,311,568,145
6.8,0,459,317,567,143
6.84,0,458,324,565,141
6.89,0,457,331,563,140
6.93,0,456,336,563,140
6.97,0,456,341,563,140
7.01,0,455,343,560,139
7.06,0,455,344,560,139
7.1,0,454,344,560,139
7.14,0,453,345,560,139
7.18,0,453,345,560,139
7.23,0,451,345,560,139
7.27,0,450,346,560,139
7.31,0,449,346,559,148
7.35,0,448,345,559,148
7.4,0,447,344,559,148
7.44,0,446,343,560,153
7.48,0,445,341,560,154
7.52,0,444,339,560,156
7.57,0,443,338,560,158
7.61,0,443,337,560,159
7.65,0,443,336,561,161
7.69,0,443,336,561,163
7.74,0,444,336,562,163
7.78,0,444,336,563,164
7.82,0,445,336,563,163
7.86,0,446,336,564,162
7.91,0,446,336,564,160
7.95,0,447,336,565,159
7.99,0,447,336,565,158
8.03,0,447,337,565,156
8.08,0,448,339,565,156
8.12,0,449,340,564,155
8.16,0,450,341,564,154
8.2,0,451,342,564,154
8.25,0,452,344,564,154
8.29,0,454,345,564,154
8.33,0,455,346,564,153
8.37,0,456,345,563,153
8.42,0,457,345,563,154
8.46,0,458,346,563,155
8.5,0,458,346,563,156
8.54,0,459,346,563,157
8.59,0,459,347,563,158
8.63,0,459,347,563,159
8.67,0,460,348,564,161
8.71,0,461,348,565,163
8.76,0,461,348,565,165
8.8,0,462,348,566,167
8.84,0,462,348,567,170
8.88,0,463,348,568,172
8.93,0,464,348,569,175
8.97,0,464,348,571,177
0.04,1,382,271,501,183
0.08,1,382,271,501,183
0.12,1,382,271,501,183
0.16,1,382,271,501,183
0.2,1,382,271,501,183
0.24,1,382,271,501,183
0.28,1,382,271,501,183
0.32,1,382,271,501,183
0.36,1,382,271,501,183
0.4,1,382,271,501,183
0.44,1,382,271,501,183
0.48,1,382,270,501,183
0.52,1,381,269,501,183
0.56,1,380,268,501,183
0.6,1,379,268,501,183
0.64,1,379,267,501,183
0.68,1,378,267,501,183
0.72,1,377,266,501,183
0.76,1,377,266,501,183
0.8,1,377,266,501,183
0.84,1,377,266,501,183
0.88,1,377,266,501,183
0.92,1,377,266,501,183
0.96,1,377,266,501,183
1.0,1,377,266,501,183
1.04,1,377,266,501,183
1.08,1,377,266,501,183
1.12,1,378,267,502,183
1.16,1,378,267,501,183
1.2,1,379,268,502,183
1.24,1,380,268,502,183
1.28,1,381,269,502,183
1.32,1,383,271,503,183
1.36,1,385,272,503,183
1.4,1,386,273,504,184
1.44,1,388,274,503,183
1.48,1,389,275,504,183
1.52,1,391,276,504,184
1.56,1,392,277,505,184
1.6,1,393,278,506,184
1.64,1,394,278,506,184
1.68,1,394,279,506,185
1.72,1,395,279,508,186
1.76,1,395,280,508,186
1.8,1,396,280,508,186
1.84,1,396,280,509,186
1.88,1,396,280,510,187
1.92,1,396,279,511,188
1.96,1,395,278,511,187
2.0,1,393,278,512,188
2.04,1,392,277,512,188
2.08,1,390,276,512,188
2.12,1,389,275,512,188
2.16,1,387,273,513,188
2.2,1,385,272,512,188
2.24,1,383,271,512,188
2.28,1,381,269,512,188
2.32,1,380,268,512,188
2.36,1,379,267,511,187
2.4,1,377,266,511,187
2.44,1,375,265,510,187
2.48,1,374,265,509,186
2.52,1,373,265,509,186
2.56,1,373,264,508,186
2.6,1,373,265,508,186
2.64,1,373,265,508,185
2.68,1,374,265,508,185
2.72,1,375,266,507,185
2.76,1,376,266,507,184
2.8,1,376,267,506,184
2.84,1,377,268,506,184
2.88,1,378,269,505,183
2.92,1,380,269,505,183
2.96,1,381,271,504,183
3.0,1,383,272,504,183
3.04,1,384,273,504,183
3.08,1,386,274,504,182
3.12,1,387,275,503,182
3.16,1,389,275,503,182
3.2,1,390,276,502,182
3.24,1,391,278,502,182
3.28,1,392,279,502,182
3.32,1,393,279,502,182
3.36,1,395,280,502,182
3.4,1,396,280,503,182
3.44,1,396,281,503,182
3.48,1,396,281,503,183
3.52,1,396,281,504,183
3.56,1,396,280,504,183
3.6,1,396,280,505,183
3.64,1,395,280,505,184
3.68,1,394,279,505,184
3.72,1,393,278,506,184
3.76,1,391,277,507,185
3.8,1,390,277,508,186
3.84,1,388,275,508,186
3.88,1,387,274,509,186
3.92,1,385,273,510,186
3.96,1,383,272,510,187
4.0,1,381,271,511,187
4.04,1,379,270,511,187
4.08,1,378,269,512,188
4.12,1,376,267,512,188
4.16,1,375,267,513,188
4.2,1,374,265,513,188
4.24,1,374,265,513,188
4.28,1,373,265,513,188
4.32,1,373,265,513,188
4.36,1,373,265,512,187
4.4,1,373,265,512,187
4.44,1,374,265,512,187
4.48,1,375,266,511,187
4.52,1,376,267,511,187
4.56,1,377,267,510,186
4.6,1,378,268,510,186
4.64,1,379,269,509,185
4.68,1,380,270,509,185
4.72,1,382,271,508,185
4.76,1,384,272,508,185
4.8,1,385,273,508,185
4.84,1,387,274,507,184
4.88,1,388,275,506,184
4.92,1,389,276,505,184
4.96,1,391,277,505,183
5.0,1,392,278,504,183
5.04,1,393,279,504,183
5.08,1,394,280,503,182
5.12,1,395,280,503,182
5.16,1,396,281,503,182
5.2,1,396,281,503,182
5.24,1,396,281,502,181
5.28,1,396,281,502,182
5.32,1,396,281,502,181
5.36,1,396,280,502,181
5.4,1,395,280,501,181
5.44,1,394,279,502,182
5.48,1,393,279,502,181
5.52,1,392,278,502,182
5.56,1,391,277,503,182
5.6,1,389,276,503,183
5.64,1,388,275,504,183
5.68,1,386,274,505,184
5.72,1,385,273,505,183
5.76,1,383,272,506,184
5.8,1,382,271,506,184
5.84,1,380,270,507,185
5.88,1,379,269,508,185
5.92,1,378,268,508,185
5.96,1,377,268,509,186
6.0,1,375,267,509,186
6.04,1,375,266,509,186
6.08,1,375,266,510,187
6.12,1,374,265,511,187
6.16,1,374,265,511,187
6.2,1,374,265,511,187
6.24,1,374,265,511,187
6.28,1,375,266,512,188
6.32,1,375,266,512,188
6.36,1,376,267,512,188
6.4,1,377,268,512,188
6.44,1,378,269,512,188
6.48,1,379,270,512,187
6.52,1,381,271,511,187
6.56,1,383,272,511,187
6.6,1,384,274,510,187
6.64,1,386,275,510,186
6.68,1,388,276,510,186
6.72,1,389,277,509,186
6.76,1,390,278,508,185
6.8,1,392,279,508,185
6.84,1,393,280,508,185
6.88,1,394,281,507,185
6.92,1,395,281,507,184
6.96,1,395,282,507,184
7.0,1,395,282,506,184
7.04,1,395,282,506,183
7.08,1,395,282,506,183
7.12,1,394,281,505,183
7.16,1,394,281,505,183
7.2,1,393,280,504,182
7.24,1,392,279,504,182
7.28,1,390,279,503,182
7.32,1,389,278,503,181
7.36,1,387,276,503,182
7.4,1,386,275,502,181
7.44,1,385,274,502,181
7.48,1,383,273,501,181
7.52,1,381,271,501,181
7.56,1,380,270,501,181
7.6,1,378,269,501,181
7.64,1,377,268,501,181
7.68,1,376,267,502,181
7.72,1,375,267,502,182
7.76,1,374,266,502,182
7.8,1,374,266,503,182
7.84,1,373,266,503,183
7.88,1,373,266,504,183
7.92,1,374,266,504,183
7.96,1,374,266,505,184
8.0,1,375,267,506,184
8.04,1,376,268,507,184
8.08,1,377,268,507,185
8.12,1,378,269,508,185
8.16,1,380,270,509,185
8.2,1,381,271,509,186
8.24,1,382,272,510,186
8.28,1,384,274,510,186
8.32,1,385,275,510,186
8.36,1,386,276,511,187
8.4,1,388,277,511,187
8.44,1,389,278,512,187
8.48,1,391,279,512,187
8.52,1,391,280,512,187
8.56,1,392,280,512,188
8.6,1,393,281,512,188
8.64,1,393,281,512,187
8.68,1,393,281,512,187
8.72,1,393,281,512,187
8.76,1,393,280,511,187
8.8,1,392,280,510,186
8.84,1,391,279,510,186
8.88,1,390,278,510,186
8.92,1,389,278,510,186
8.96,1,388,277,509,185
9.0,1,386,276,509,185
9.04,1,385,275,508,185
9.08,1,384,274,507,184
9.12,1,383,274,507,184
9.16,1,381,272,507,184
9.2,1,380,272,506,184
9.24,1,379,271,505,183
9.28,1,378,270,505,183
9.32,1,377,269,505,183
9.36,1,376,268,504,183
9.4,1,375,267,504,182
9.44,1,375,267,504,182
9.48,1,375,267,503,182
9.52,1,375,267,503,182
9.56,1,375,267,503,181
9.6,1,376,268,503,181
9.64,1,376,268,502,181
9.68,1,377,269,502,181
9.72,1,378,270,501,181
9.76,1,380,271,502,181
9.8,1,381,272,502,181
9.84,1,383,273,502,181
9.88,1,384,275,503,181
9.92,1,386,276,503,181
9.96,1,387,277,503,182
10.0,1,389,278,503,182
10.04,1,390,278,504,183
10.08,1,391,279,505,183
10.12,1,392,280,505,183
10.16,1,393,281,506,183
10.2,1,394,281,507,184
10.24,1,394,281,507,184
10.28,1,394,281,508,184
10.32,1,394,281,508,184
10.36,1,393,281,509,185
10.4,1,392,280,509,185
10.44,1,391,279,510,186
10.48,1,390,278,510,186
10.52,1,389,278,510,187
10.56,1,387,277,511,187
10.6,1,386,275,511,187
10.64,1,384,275,512,187
10.68,1,382,273,512,187
10.72,1,380,272,512,187
10.76,1,378,271,512,187
10.8,1,377,270,512,187
10.84,1,376,269,512,187
10.88,1,374,268,511,187
10.92,1,373,267,511,186
10.96,1,372,266,511,186
11.0,1,372,266,510,186
11.04,1,371,266,510,186
11.08,1,371,266,510,186
11.12,1,371,266,509,185
11.16,1,372,266,509,185
11.2,1,372,266,508,185
11.24,1,373,267,508,185
11.28,1,374,268,507,184
11.32,1,375,269,507,184
11.36,1,376,269,507,184
11.4,1,378,271,506,183
11.44,1,379,272,506,183
11.48,1,381,273,505,183
11.52,1,383,274,505,182
11.56,1,384,275,505,182
11.6,1,386,276,504,182
11.64,1,387,277,504,182
11.68,1,389,278,503,181
11.72,1,390,279,503,181
11.76,1,391,280,503,181
11.8,1,392,280,502,180
11.84,1,392,280,502,180
11.88,1,393,281,502,181
11.92,1,392,280,502,180
11.96,1,392,281,502,180
12.0,1,392,281,502,180
12.04,1,391,280,502,181
12.08,1,390,279,502,180
12.12,1,389,279,503,181
12.16,1,388,278,503,181
12.2,1,386,276,503,182
12.24,1,385,275,504,182
12.28,1,383,274,504,183
12.32,1,381,273,505,183
12.36,1,380,272,506,183
12.4,1,378,271,507,184
12.44,1,376,270,508,184
12.48,1,375,269,508,184
12.52,1,373,268,509,185
12.56,1,372,267,509,185
12.6,1,372,266,510,185
12.64,1,371,266,510,185
12.68,1,371,266,510,186
12.72,1,371,266,511,186
12.76,1,372,267,512,187
12.8,1,373,267,512,187
12.84,1,374,268,512,187
12.88,1,375,268,512,187
12.92,1,377,270,512,187
12.96,1,378,270,512,187
13.0,1,380,272,512,187
13.04,1,381,273,512,187
13.08,1,383,274,512,187
13.12,1,385,275,512,186
13.16,1,386,276,511,186
13.2,1,387,277,511,185
13.24,1,389,278,510,185
13.28,1,390,279,510,185
13.32,1,391,280,509,185
13.36,1,391,280,509,185
13.4,1,391,280,508,184
13.44,1,391,280,508,184
13.48,1,391,280,507,184
13.52,1,390,280,507,184
13.56,1,390,280,506,184
13.6,1,389,279,505,184
13.64,1,388,278,506,184
13.68,1,387,278,505,183
13.72,1,386,277,504,183
13.76,1,385,276,504,183
13.8,1,384,275,503,182
13.84,1,383,274,503,182
13.88,1,381,273,502,182
13.92,1,380,273,502,181
13.96,1,379,272,501,181
14.0,1,378,271,501,181
14.04,1,377,270,501,180
14.08,1,376,270,500,181
14.12,1,376,269,500,181
14.16,1,375,269,500,181
14.2,1,375,268,500,181
14.24,1,375,268,500,181
14.28,1,376,268,501,181
14.32,1,376,269,501,181
14.36,1,376,269,502,181
14.4,1,377,270,502,182
14.44,1,378,270,503,182
14.48,1,380,271,504,182
14.52,1,381,272,504,183
14.56,1,382,273,505,183
14.6,1,384,274,505,184
14.64,1,385,275,506,184
14.68,1,387,276,507,184
14.72,1,388,277,508,185
14.76,1,389,278,509,185
14.8,1,391,279,509,186
14.84,1,392,280,510,186
14.88,1,392,280,510,186
14.92,1,393,280,511,187
14.96,1,393,281,511,187
15.0,1,393,280,512,187
15.04,1,393,280,512,187
15.08,1,392,280,512,187
0.04,1,385,262,507,183
0.08,1,385,262,507,183
0.12,1,385,262,507,183
0.16,1,385,262,507,183
0.2,1,385,262,507,183
0.24,1,385,262,507,183
0.28,1,385,262,507,183
0.32,1,385,262,507,183
0.36,1,385,262,507,183
0.4,1,385,262,507,183
0.44,1,385,262,507,183
0.48,1,385,262,507,183
0.52,1,385,262,507,183
0.56,1,385,262,507,183
0.6,1,385,262,507,183
0.64,1,385,262,507,183
0.68,1,385,262,507,183
0.72,1,385,262,507,183
0.76,1,385,262,507,183
0.8,1,385,262,507,183
0.84,1,385,262,507,183
0.88,1,385,262,507,183
0.92,1,385,262,507,183
0.96,1,385,262,507,183
1.0,1,385,262,508,184
1.04,1,385,263,509,184
1.08,1,385,263,509,184
1.12,1,385,263,510,185
1.16,1,386,264,510,185
1.2,1,386,264,511,185
1.24,1,387,265,511,185
1.28,1,387,265,512,186
1.32,1,388,266,513,186
1.36,1,389,267,513,186
1.4,1,390,268,514,187
1.44,1,391,269,515,186
1.48,1,392,270,516,187
1.52,1,393,271,516,187
1.56,1,394,272,516,187
1.6,1,394,273,517,187
1.64,1,395,273,517,187
1.68,1,396,274,518,186
1.72,1,397,275,518,185
1.76,1,398,276,517,184
1.8,1,398,276,516,182
1.84,1,399,278,515,179
1.88,1,400,278,513,177
1.92,1,401,279,512,176
1.96,1,402,279,511,175
2.0,1,403,280,509,175
2.04,1,403,281,507,174
2.08,1,404,281,506,175
2.12,1,404,281,505,175
2.16,1,404,281,503,174
2.2,1,404,282,502,174
2.24,1,404,281,502,175
2.28,1,404,280,501,176
2.32,1,404,278,502,178
2.36,1,402,275,501,179
2.4,1,401,273,501,179
2.44,1,399,269,501,179
2.48,1,397,265,501,180
2.52,1,394,261,501,180
2.56,1,391,258,501,180
2.6,1,388,255,501,180
2.64,1,385,254,501,180
2.68,1,383,254,501,180
2.72,1,382,254,501,180
2.76,1,381,255,502,181
2.8,1,380,258,502,181
2.84,1,380,261,502,182
2.88,1,380,265,502,181
2.92,1,380,265,503,182
2.96,1,380,264,503,182
3.0,1,380,263,504,182
3.04,1,380,263,504,182
3.08,1,380,263,504,182
3.12,1,380,262,505,183
3.16,1,381,262,505,183
3.2,1,381,262,506,183
3.24,1,382,263,506,183
3.28,1,383,263,507,184
3.32,1,384,264,507,184
3.36,1,384,264,508,184
3.4,1,385,265,508,184
3.44,1,387,266,509,184
3.48,1,387,267,510,185
3.52,1,389,268,510,185
3.56,1,390,269,511,185
3.6,1,390,269,511,186
3.64,1,392,270,512,186
3.68,1,393,271,512,187
3.72,1,394,272,512,187
3.76,1,395,273,513,187
3.8,1,395,274,514,188
3.84,1,396,275,513,188
3.88,1,397,276,514,188
3.92,1,398,277,515,188
3.96,1,399,277,515,188
4.0,1,400,278,516,188
4.04,1,400,279,516,187
4.08,1,401,279,516,187
4.12,1,402,280,516,187
4.16,1,403,281,517,185
4.2,1,403,282,517,183
4.24,1,404,282,517,181
4.28,1,404,282,517,179
4.32,1,404,282,516,177
4.36,1,404,282,513,175
4.4,1,404,281,512,175
4.44,1,403,279,510,174
4.48,1,402,276,508,174
4.52,1,401,272,507,173
4.56,1,399,267,505,173
4.6,1,397,263,504,174
4.64,1,394,259,502,175
4.68,1,392,256,502,176
4.72,1,389,255,501,177
4.76,1,386,254,501,178
4.8,1,385,254,501,179
4.84,1,384,255,500,179
4.88,1,383,257,500,180
4.92,1,383,259,500,181
4.96,1,383,263,500,181
5.0,1,383,264,501,181
5.04,1,383,264,500,181
5.08,1,382,264,500,181
5.12,1,382,264,501,181
5.16,1,383,263,501,180
5.2,1,383,263,501,181
5.24,1,383,263,502,181
5.28,1,383,263,502,181
5.32,1,383,263,502,181
5.36,1,383,264,502,181
5.4,1,383,264,503,181
5.44,1,383,264,502,181
5.48,1,383,263,503,181
5.52,1,383,263,502,182
5.56,1,383,263,502,182
5.6,1,383,264,503,182
5.64,1,384,264,503,182
5.68,1,385,264,503,182
5.72,1,385,265,504,183
5.76,1,386,266,504,182
5.8,1,386,266,504,183
5.84,1,387,267,504,183
5.88,1,388,268,505,183
5.92,1,388,268,505,183
5.96,1,389,269,506,184
6.0,1,389,269,506,184
6.04,1,390,270,506,184
6.08,1,391,271,507,184
6.12,1,391,271,508,185
6.16,1,392,272,508,185
6.2,1,392,272,509,185
6.24,1,393,273,510,185
6.28,1,394,274,510,185
6.32,1,394,274,511,186
6.36,1,395,275,511,186
6.4,1,395,276,512,186
6.44,1,396,276,512,186
6.48,1,396,277,513,186
6.52,1,397,277,512,186
6.56,1,397,278,513,186
6.6,1,398,279,514,186
6.64,1,399,279,514,186
6.68,1,399,280,515,187
6.72,1,400,280,515,186
6.76,1,400,281,515,187
6.8,1,401,281,516,186
6.84,1,401,282,516,185
6.88,1,402,282,516,183
6.92,1,402,282,516,181
6.96,1,403,283,515,179
7.0,1,403,283,514,177
7.04,1,404,283,513,175
7.08,1,404,283,511,175
7.12,1,404,283,509,173
7.16,1,404,283,507,173
7.2,1,404,282,505,173
7.24,1,403,279,504,174
7.28,1,402,275,503,175
7.32,1,401,269,502,176
7.36,1,398,263,501,177
7.4,1,395,258,501,178
7.44,1,392,253,500,179
7.48,1,390,251,500,180
7.52,1,387,250,500,180
7.56,1,385,250,500,180
7.6,1,382,253,501,180
7.64,1,382,255,501,180
7.68,1,381,259,501,181
7.72,1,381,264,502,181
7.76,1,381,264,501,181
7.8,1,381,264,501,181
7.84,1,381,264,502,181
7.88,1,381,264,502,182
7.92,1,381,264,502,182
7.96,1,381,264,503,182
8.0,1,381,264,502,182
8.04,1,381,264,503,182
8.08,1,381,264,503,182
8.12,1,381,265,503,182
8.16,1,381,265,504,183
8.2,1,381,265,504,183
8.24,1,381,264,504,183
8.28,1,381,264,505,183
8.32,1,381,264,505,183
8.36,1,381,264,505,184
8.4,1,381,264,506,184
8.44,1,381,264,507,184
8.48,1,381,264,507,184
8.52,1,382,264,507,184
8.56,1,382,264,508,185
8.6,1,382,264,508,185
8.64,1,382,264,508,185
8.68,1,383,265,509,185
8.72,1,383,265,509,186
8.76,1,383,265,510,186
8.8,1,384,266,511,186
8.84,1,384,266,511,187
8.88,1,385,266,512,187
8.92,1,385,267,512,187
8.96,1,385,267,512,187
9.0,1,386,268,513,187
9.04,1,387,268,512,187
9.08,1,387,268,513,187
9.12,1,388,269,514,187
9.16,1,388,270,515,187
9.2,1,389,271,515,187
9.24,1,389,271,516,188
9.28,1,390,271,516,187
9.32,1,391,272,516,186
9.36,1,391,273,516,185
9.4,1,391,273,516,183
9.44,1,392,274,514,182
9.48,1,392,274,513,179
9.52,1,393,275,512,176
9.56,1,394,275,510,175
9.6,1,394,276,508,174
9.64,1,395,277,506,173
9.68,1,395,277,504,173
9.72,1,396,278,503,173
9.76,1,396,278,502,173
9.8,1,397,279,501,175
9.84,1,398,279,500,176
9.88,1,398,279,500,178
9.92,1,398,280,500,178
9.96,1,399,281,499,179
10.0,1,400,281,499,181
10.04,1,400,282,499,181
10.08,1,401,282,499,181
10.12,1,401,282,500,181
10.16,1,401,282,500,181
10.2,1,400,280,500,181
10.24,1,399,277,501,181
10.28,1,398,273,501,182
10.32,1,396,268,501,182
10.36,1,394,264,502,182
10.4,1,392,260,502,182
10.44,1,389,256,503,182
10.48,1,387,255,503,183
10.52,1,385,254,503,183
10.56,1,384,254,503,183
10.6,1,382,256,503,183
10.64,1,381,258,504,183
10.68,1,381,259,504,183
10.72,1,381,262,504,183
10.76,1,381,265,504,183
10.8,1,381,265,505,184
10.84,1,381,266,505,184
10.88,1,381,266,506,184
10.92,1,381,266,506,184
10.96,1,381,266,507,184
11.0,1,381,266,507,184
11.04,1,381,266,508,185
11.08,1,381,266,508,185
11.12,1,381,266,509,185
11.16,1,381,266,509,185
11.2,1,381,266,509,185
11.24,1,381,266,509,186
11.28,1,381,265,510,186
11.32,1,381,265,510,186
11.36,1,381,265,510,186
11.4,1,381,265,511,186
11.44,1,381,265,511,187
11.48,1,381,265,512,187
11.52,1,381,265,512,187
11.56,1,382,265,512,187
11.6,1,383,266,513,187
11.64,1,383,267,513,187
11.68,1,384,267,513,187
11.72,1,385,267,514,188
11.76,1,385,268,515,188
11.8,1,385,268,515,188
11.84,1,386,269,515,188
11.88,1,387,269,516,188
11.92,1,387,270,517,187
11.96,1,388,271,517,187
12.0,1,388,271,517,185
12.04,1,389,272,517,183
12.08,1,390,272,517,181
12.12,1,390,273,515,179
12.16,1,391,274,514,177
12.2,1,392,274,512,174
12.24,1,392,275,511,173
12.28,1,393,275,508,172
12.32,1,393,276,506,171
12.36,1,394,277,505,172
12.4,1,394,277,503,172
12.44,1,395,277,502,173
12.48,1,395,278,501,174
12.52,1,396,278,500,175
12.56,1,396,279,500,177
12.6,1,397,279,499,177
12.64,1,397,280,499,178
12.68,1,397,280,499,179
12.72,1,398,281,499,179
12.76,1,398,281,499,180
12.8,1,399,281,499,179
12.84,1,399,282,500,180
12.88,1,400,282,500,180
12.92,1,400,282,499,180
12.96,1,401,283,500,179
13.0,1,401,283,500,180
13.04,1,401,283,500,180
13.08,1,401,283,501,180
13.12,1,401,282,501,180
13.16,1,400,278,501,181
13.2,1,398,274,501,181
13.24,1,396,268,502,181
13.28,1,394,263,502,181
13.32,1,390,258,502,181
13.36,1,388,254,503,182
13.4,1,385,252,503,182
13.44,1,384,250,503,182
13.48,1,382,250,503,182
13.52,1,381,251,503,182
13.56,1,380,253,504,183
13.6,1,380,256,504,183
13.64,1,380,260,504,183
13.68,1,380,263,505,184
13.72,1,380,266,505,184
13.76,1,380,265,506,184
13.8,1,380,265,505,184
13.84,1,381,265,505,184
13.88,1,381,265,506,184
13.92,1,380,265,506,184
13.96,1,380,265,507,185
14.0,1,380,265,507,184
14.04,1,380,265,507,185
14.08,1,380,265,508,186
14.12,1,380,265,508,186
14.16,1,380,265,509,186
14.2,1,380,265,510,185
14.24,1,381,265,510,186
14.28,1,381,265,510,186
14.32,1,381,265,511,186
14.36,1,381,265,512,186
14.4,1,381,265,512,186
14.44,1,381,265,513,186
14.48,1,382,265,513,186
14.52,1,382,266,514,185
14.56,1,383,266,514,186
14.6,1,383,266,515,186
14.64,1,384,267,516,185
14.68,1,384,267,516,185
14.72,1,385,268,516,185
14.76,1,385,268,516,184
14.8,1,386,269,516,182
14.84,1,386,269,515,179
14.88,1,387,269,514,177
14.92,1,387,270,512,175
14.96,1,388,270,510,174
15.0,1,388,271,508,174
15.04,1,388,271,506,173
15.08,1,389,272,504,172
15.12,1,389,272,503,173
15.16,1,390,273,502,173
15.2,1,390,273,500,173
15.24,1,391,274,500,174
15.28,1,391,274,499,175
15.32,1,392,274,499,176
15.36,1,392,275,499,176
15.4,1,393,275,499,177
15.44,1,393,276,499,178
15.48,1,394,276,498,179
15.52,1,394,277,498,179
15.56,1,395,277,498,179
15.6,1,395,278,498,179
15.64,1,396,278,499,179
15.68,1,396,278,499,179
15.72,1,396,279,499,180
15.76,1,397,279,499,180
15.8,1,397,280,500,180
15.84,1,398,280,500,180
15.88,1,398,280,501,181
15.92,1,399,280,501,181
15.96,1,399,281,501,181
16.0,1,399,281,501,182
16.04,1,400,281,501,182
16.08,1,401,282,502,182
0.04,0,389,236,503,188
0.08,0,389,236,503,188
0.12,0,389,236,503,188
0.16,0,389,236,503,188
0.2,0,389,236,503,188
0.24,0,389,236,503,188
0.28,0,389,236,503,188
0.32,0,389,236,503,188
0.36,0,389,236,503,188
0.4,0,389,236,503,188
0.44,0,389,236,503,188
0.48,0,389,236,503,188
0.52,0,389,236,503,188
0.56,0,389,236,503,188
0.6,0,389,236,503,188
0.64,0,389,236,503,188
0.68,0,389,236,503,188
0.72,0,389,236,503,188
0.76,0,389,236,503,188
0.8,0,389,236,503,188
0.84,0,389,236,503,188
0.88,0,389,236,503,188
0.92,0,389,236,503,188
0.96,0,389,236,503,188
1.0,0,389,236,503,188
1.04,0,389,236,503,188
1.08,0,389,236,503,188
1.12,0,389,236,503,188
1.16,0,389,236,503,188
1.2,0,389,236,503,188
1.24,0,389,236,503,188
1.28,0,389,236,503,188
1.32,0,388,236,503,188
1.36,0,389,236,503,188
1.4,0,389,236,503,188
1.44,0,388,236,503,188
1.48,0,389,236,503,188
1.52,0,389,236,503,188
1.56,0,389,236,503,188
1.6,0,389,237,503,188
1.64,0,389,237,503,188
1.68,0,389,237,503,188
1.72,0,389,237,503,188
1.76,0,389,237,503,188
1.8,0,389,237,503,188
1.84,0,389,237,503,188
1.88,0,388,237,503,188
1.92,0,388,237,503,188
1.96,0,388,237,503,188
2.0,0,388,237,503,188
2.04,0,388,237,503,188
2.08,0,388,237,503,188
2.12,0,388,237,503,188
2.16,0,388,237,503,188
2.2,0,388,237,503,188
2.24,0,388,237,503,188
2.28,0,388,237,503,188
2.32,0,388,237,503,188
2.36,0,388,237,503,188
2.4,0,388,237,503,188
2.44,0,388,237,503,188
2.48,0,388,237,503,188
2.52,0,388,237,503,188
2.56,0,388,237,503,188
2.6,0,388,237,503,188
2.64,0,388,237,503,188
2.68,0,388,237,503,188
2.72,0,388,237,503,188
2.76,0,388,237,503,188
2.8,0,388,237,503,188
2.84,0,388,237,503,188
2.88,0,388,237,503,188
2.92,0,388,237,503,188
2.96,0,388,237,503,188
3.0,0,388,237,503,188
3.04,0,388,237,503,188
3.08,0,388,237,503,188
3.12,0,388,237,503,188
3.16,0,388,237,503,188
3.2,0,388,237,503,188
3.24,0,388,237,503,188
3.28,0,388,237,503,188
3.32,0,388,237,503,188
3.36,0,388,237,503,188
3.4,0,388,237,503,188
3.44,0,388,237,503,188
3.48,0,388,237,503,187
3.52,0,388,237,503,188
3.56,0,388,237,503,188
3.6,0,388,237,503,188
3.64,0,388,237,503,188
3.68,0,388,237,503,188
3.72,0,388,237,503,188
3.76,0,388,237,503,188
3.8,0,388,237,503,188
3.84,0,388,237,503,188
3.88,0,388,237,503,187
3.92,0,388,237,503,188
3.96,0,388,237,503,187
4.0,0,388,237,503,188
4.04,0,388,237,503,187
4.08,0,388,237,503,187
4.12,0,388,237,503,187
4.16,0,388,237,503,187
4.2,0,388,237,503,187
4.24,0,388,237,503,187
4.28,0,388,237,503,187
4.32,0,388,237,503,187
4.36,0,388,237,503,187
4.4,0,388,237,503,187
4.44,0,388,237,503,187
4.48,0,388,237,503,187
4.52,0,388,237,503,187
4.56,0,388,237,503,187
4.6,0,388,237,503,187
4.64,0,388,237,503,188
4.68,0,388,237,503,188
4.72,0,388,237,503,188
4.76,0,388,237,503,188
4.8,0,388,237,503,188
4.84,0,388,237,503,188
4.88,0,388,237,503,188
4.92,0,388,237,503,188
4.96,0,388,237,503,188
5.0,0,388,237,503,188
5.04,0,388,237,503,188
5.08,0,388,237,503,188
5.12,0,388,237,503,188
5.16,0,388,237,503,188
5.2,0,388,237,503,188
5.24,0,388,237,503,188
5.28,0,388,237,503,188
5.32,0,388,237,504,188
5.36,0,388,237,503,188
5.4,0,388,237,503,188
5.44,0,388,237,503,188
5.48,0,388,237,503,188
5.52,0,388,237,503,188
5.56,0,388,237,503,188
5.6,0,388,237,503,188
5.64,0,388,237,503,188
5.68,0,388,237,503,188
5.72,0,388,237,503,188
5.76,0,388,237,503,188
5.8,0,388,237,503,188
5.84,0,388,237,502,188
5.88,0,388,237,502,188
5.92,0,388,237,503,188
5.96,0,388,237,502,189
6.0,0,388,237,502,189
6.04,0,388,237,502,189
6.08,0,388,237,502,189
6.12,0,388,237,502,189
6.16,0,388,237,502,189
6.2,0,388,237,502,189
6.24,0,388,237,502,189
6.28,0,388,237,502,189
6.32,0,388,237,502,189
6.36,0,388,237,502,189
6.4,0,388,237,502,189
6.44,0,388,237,502,189
6.48,0,388,237,502,189
6.52,0,388,237,502,189
6.56,0,388,238,502,189
6.6,0,388,238,502,189
6.64,0,388,238,502,189
6.68,0,388,238,502,189
6.72,0,388,238,502,189
6.76,0,388,238,503,187
6.8,0,388,238,503,187
6.84,0,388,238,503,187
6.88,0,388,238,503,187
6.92,0,388,237,503,187
6.96,0,387,236,503,188
7.0,0,387,236,503,188
7.04,0,386,235,503,188
7.08,0,386,234,503,188
7.12,0,385,232,503,188
7.16,0,383,231,503,188
7.2,0,382,230,503,188
7.24,0,381,229,503,188
7.28,0,380,229,503,188
7.32,0,380,228,503,188
7.36,0,379,228,503,188
7.4,0,380,228,503,188
7.44,0,380,229,503,188
7.48,0,380,229,503,188
7.52,0,380,230,503,188
7.56,0,381,230,503,188
7.6,0,381,231,503,188
7.64,0,382,232,503,188
7.68,0,383,233,503,188
7.72,0,383,233,503,188
7.76,0,383,234,503,188
7.8,0,384,235,503,188
7.84,0,385,237,503,188
7.88,0,386,238,503,188
7.92,0,387,239,503,188
7.96,0,388,241,503,188
8.0,0,388,242,503,188
8.04,0,389,243,503,188
8.08,0,389,243,503,188
8.12,0,389,244,503,188
8.16,0,390,245,503,188
8.2,0,390,245,503,188
8.24,0,391,246,503,188
8.28,0,391,246,503,188
8.32,0,391,246,502,188
8.36,0,391,246,503,188
8.4,0,392,246,503,188
8.44,0,392,246,503,188
8.48,0,392,246,503,188
8.52,0,392,246,503,188
8.56,0,392,246,503,188
8.6,0,392,246,503,188
8.64,0,392,245,503,188
8.68,0,392,245,503,188
8.72,0,391,245,503,188
8.76,0,392,245,502,188
8.8,0,392,245,502,188
8.84,0,391,244,502,188
8.88,0,391,244,502,188
8.92,0,391,244,502,188
8.96,0,390,244,502,188
9.0,0,389,244,502,188
9.04,0,389,243,502,188
9.08,0,389,244,502,188
9.12,0,389,244,502,188
9.16,0,389,244,502,188
9.2,0,389,244,502,188
9.24,0,389,244,502,188
9.28,0,389,244,502,188
9.32,0,389,244,502,188
9.36,0,389,243,502,188
9.4,0,389,243,502,188
9.44,0,389,243,502,188
9.48,0,389,243,502,188
9.52,0,388,243,502,188
9.56,0,388,243,502,188
9.6,0,389,243,502,188
9.64,0,389,243,502,188
9.68,0,389,243,502,188
9.72,0,389,243,502,188
9.76,0,389,243,502,188
9.8,0,389,243,502,188
9.84,0,389,244,502,188
9.88,0,388,243,502,188
9.92,0,388,244,502,188
9.96,0,388,244,502,188
10.0,0,389,244,502,188
10.04,0,389,244,502,188
10.08,0,389,245,502,188
10.12,0,390,246,502,188
10.16,0,390,246,502,188
10.2,0,390,247,502,188
10.24,0,391,247,502,188
10.28,0,391,248,502,188
10.32,0,390,247,502,188
10.36,0,390,247,502,188
10.4,0,390,246,502,188
10.44,0,390,246,502,188
10.48,0,390,246,502,188
10.52,0,389,245,502,188
10.56,0,389,245,502,188
10.6,0,389,244,502,188
10.64,0,389,243,502,188
10.68,0,389,243,502,188
10.72,0,389,243,502,188
10.76,0,389,243,502,188
10.8,0,389,243,502,188
10.84,0,389,243,502,188
10.88,0,389,244,502,188
10.92,0,389,244,502,188
10.96,0,389,244,502,188
11.0,0,389,244,502,188
11.04,0,390,244,502,188
11.08,0,390,244,502,188
11.12,0,390,245,502,188
11.16,0,390,245,502,188
11.2,0,390,245,502,188
11.24,0,390,245,502,188
11.28,0,390,245,502,188
11.32,0,390,245,502,188
11.36,0,390,245,502,188
11.4,0,390,245,502,188
11.44,0,390,245,502,188
11.48,0,390,245,502,188
11.52,0,390,245,502,188
11.56,0,390,245,502,188
11.6,0,390,245,502,188
11.64,0,390,245,502,188
11.68,0,390,245,502,188
11.72,0,390,245,503,188
11.76,0,390,245,503,188
11.8,0,390,245,502,188
11.84,0,390,245,502,188
11.88,0,390,245,502,188
11.92,0,390,245,502,188
11.96,0,390,245,502,188
12.0,0,390,245,502,188
12.04,0,390,245,502,188
12.08,0,390,245,502,188
12.12,0,390,245,502,188
12.16,0,390,245,502,188
12.2,0,390,245,502,188
12.24,0,390,245,502,188
12.28,0,390,245,502,188
12.32,0,390,245,502,188
12.36,0,390,246,502,188
12.4,0,390,246,502,188
12.44,0,390,246,502,188
12.48,0,390,246,503,188
12.52,0,390,246,503,188
12.56,0,390,247,503,188
12.6,0,390,248,503,188
12.64,0,389,249,503,188
12.68,0,389,252,503,188
12.72,0,389,254,503,188
12.76,0,388,258,502,188
12.8,0,387,261,502,188
12.84,0,386,265,502,188
12.88,0,385,268,502,188
12.92,0,385,270,502,188
12.96,0,384,272,502,188
13.0,0,385,272,502,188
13.04,0,385,273,502,188
13.08,0,385,273,502,188
13.12,0,386,273,502,188
13.16,0,386,273,502,188
13.2,0,386,273,502,188
13.24,0,386,273,502,188
13.28,0,386,273,502,188
13.32,0,385,273,502,188
13.36,0,385,273,502,188
13.4,0,385,273,502,188
13.44,0,385,273,502,188
13.48,0,385,273,502,188
13.52,0,385,273,502,188
13.56,0,385,273,502,188
13.6,0,385,273,502,188
13.64,0,385,273,502,188
13.68,0,385,273,502,188
13.72,0,385,273,502,188
13.76,0,386,273,502,188
13.8,0,386,272,502,188
13.84,0,385,272,502,188
13.88,0,385,272,502,188
13.92,0,385,272,502,188
13.96,0,385,272,502,188
14.0,0,385,272,502,188
14.04,0,385,272,502,188
14.08,0,385,272,502,188
14.12,0,385,272,502,188
14.16,0,386,272,502,188
14.2,0,386,272,502,188
14.24,0,386,272,502,188
14.28,0,385,272,502,188
14.32,0,386,272,502,188
14.36,0,386,272,502,188
14.4,0,386,272,502,188
14.44,0,386,272,502,188
14.48,0,386,272,502,188
14.52,0,386,272,502,188
14.56,0,386,272,502,188
14.6,0,386,272,502,188
14.64,0,386,272,503,188
14.68,0,386,272,502,188
14.72,0,386,272,502,188
14.76,0,385,272,502,188
14.8,0,385,272,502,188
14.84,0,385,272,502,188
14.88,0,385,272,502,188
14.92,0,385,272,502,188
14.96,0,385,272,502,188
15.0,0,385,272,502,188
15.04,0,385,272,502,188
15.08,0,385,272,502,188
15.12,0,385,272,502,188
15.16,0,385,272,502,188
15.2,0,385,272,502,188
15.24,0,385,272,502,188
15.28,0,385,272,502,188
15.32,0,385,272,502,188
15.36,0,385,272,502,188
15.4,0,385,272,502,188
15.44,0,385,272,502,188
15.48,0,385,272,502,188
15.52,0,385,272,502,188
15.56,0,385,272,502,188
15.6,0,385,272,502,188
15.64,0,385,272,502,188
15.68,0,385,272,502,188
15.72,0,385,272,502,188
15.76,0,385,272,502,188
15.8,0,385,272,502,188
15.84,0,385,272,502,188
15.88,0,385,272,502,188
15.92,0,385,272,502,188
15.96,0,385,272,502,188
16.0,0,385,272,502,188
16.04,0,385,272,502,188
16.08,0,385,272,502,188
16.12,0,385,272,502,188
16.16,0,385,272,502,188
16.2,0,385,272,502,188
16.24,0,385,272,503,188
16.28,0,385,272,503,188
16.32,0,385,272,503,188
16.36,0,385,272,503,188
16.4,0,385,272,503,188
16.44,0,385,272,503,188
16.48,0,385,272,503,188
16.52,0,385,272,503,188
16.56,0,385,272,503,188
16.6,0,385,272,503,188
16.64,0,385,272,503,188
16.68,0,385,272,503,188
16.72,0,385,272,503,188
16.76,0,385,272,503,188
16.8,0,385,272,503,188
16.84,0,385,272,503,188
16.88,0,385,272,503,188
16.92,0,385,272,503,188
16.96,0,385,272,503,188
17.0,0,385,272,503,188
17.04,0,385,272,503,188
17.08,0,385,272,503,188
17.12,0,385,272,503,188
17.16,0,385,272,503,188
17.2,0,385,272,503,188
17.24,0,385,272,503,188
17.28,0,385,272,503,188
17.32,0,385,272,503,188
17.36,0,385,272,503,188
17.4,0,385,272,503,188
17.44,0,385,272,503,188
17.48,0,385,272,503,188
17.52,0,385,272,503,188
17.56,0,385,272,503,188
17.6,0,385,272,503,188
17.64,0,385,272,503,188
17.68,0,385,272,503,188
17.72,0,385,272,503,188
17.76,0,385,272,503,188
17.8,0,385,272,503,188
17.84,0,385,272,503,188
17.88,0,385,272,503,188
17.92,0,385,272,503,188
17.96,0,385,272,503,188
18.0,0,385,272,503,188
18.04,0,385,272,503,188
18.08,0,385,272,503,188
18.12,0,385,272,503,188
18.16,0,385,272,503,188
18.2,0,385,272,503,188
18.24,0,385,272,503,188
18.28,0,385,272,503,188
18.32,0,385,273,503,188
18.36,0,385,273,503,188
18.4,0,385,273,503,188
18.44,0,385,273,503,188
18.48,0,385,273,503,188
18.52,0,385,273,503,188
18.56,0,385,273,503,188
18.6,0,385,273,503,188
18.64,0,385,273,503,188
18.68,0,385,273,503,188
18.72,0,385,273,503,188
18.76,0,385,273,503,188
18.8,0,385,273,503,188
18.84,0,385,273,503,188
18.88,0,385,273,503,188
18.92,0,385,273,503,188
18.96,0,385,273,503,188
19.0,0,385,273,503,188
19.04,0,385,273,503,188
19.08,0,385,273,503,188
19.12,0,385,273,503,188
19.16,0,385,273,503,188
19.2,0,385,273,503,188
19.24,0,385,273,503,188
19.28,0,385,273,503,188
19.32,0,385,273,503,188
19.36,0,385,273,503,188
19.4,0,385,273,503,188
19.44,0,385,273,503,188
19.48,0,385,273,503,188
19.52,0,385,273,503,188
19.56,0,385,273,503,188
19.6,0,385,273,503,188
19.64,0,385,273,503,188
19.68,0,385,273,503,188
19.72,0,385,273,503,188
19.76,0,385,273,503,188
19.8,0,385,273,503,188
19.84,0,385,273,503,188
19.88,0,385,273,503,188
19.92,0,385,273,503,188
19.96,0,385,273,503,188
20.0,0,385,273,503,188
20.04,0,385,273,503,188
20.08,0,385,273,503,188
20.12,0,385,273,503,188
20.16,0,385,273,503,188
20.2,0,385,273,503,188
20.24,0,385,273,503,188
20.28,0,385,273,503,188
20.32,0,385,273,503,188
20.36,0,385,273,503,188
20.4,0,385,273,503,188
20.44,0,385,273,503,188
20.48,0,385,273,503,188
20.52,0,385,273,503,188
20.56,0,385,273,503,188
20.6,0,385,273,503,188
20.64,0,385,273,503,188
20.68,0,385,273,503,188
20.72,0,385,273,503,188
20.76,0,385,273,503,188
20.8,0,385,273,503,188
20.84,0,385,273,503,188
20.88,0,385,273,503,188
20.92,0,385,273,503,188
20.96,0,385,273,503,188
21.0,0,385,273,503,188
21.04,0,385,273,503,188
21.08,0,385,273,503,188
21.12,0,385,273,503,188
21.16,0,385,273,503,188
21.2,0,385,273,503,188
21.24,0,385,273,503,188
0.04,0,387,264,502,186
0.08,0,387,264,502,186
0.12,0,387,264,502,186
0.16,0,387,264,502,186
0.21,0,387,264,502,186
0.25,0,387,264,502,186
0.29,0,387,264,502,186
0.33,0,387,264,502,186
0.37,0,387,264,502,186
0.41,0,388,264,502,186
0.45,0,388,264,502,186
0.49,0,388,264,502,186
0.53,0,388,264,502,186
0.57,0,388,264,502,186
0.62,0,387,264,502,186
0.66,0,387,264,502,186
0.7,0,387,264,502,186
0.74,0,387,264,502,186
0.78,0,387,264,502,186
0.82,0,387,264,502,186
0.86,0,387,264,502,186
0.9,0,387,264,502,186
0.94,0,387,264,502,186
0.99,0,388,264,502,186
1.03,0,388,264,502,186
1.07,0,387,264,502,186
1.11,0,388,264,502,186
1.15,0,387,264,502,186
1.19,0,388,264,502,186
1.23,0,388,264,502,186
1.27,0,387,264,502,186
1.31,0,387,264,502,186
1.36,0,387,264,502,186
1.4,0,388,264,502,186
1.44,0,388,264,502,186
1.48,0,388,264,502,186
1.52,0,388,264,502,186
1.56,0,388,264,502,186
1.6,0,388,264,502,186
1.64,0,388,264,502,186
1.68,0,388,264,502,186
1.72,0,388,264,502,186
1.77,0,388,264,502,186
1.81,0,388,264,502,186
1.85,0,388,264,502,186
1.89,0,388,264,502,186
1.93,0,388,264,502,186
1.97,0,388,264,502,186
2.01,0,388,264,502,186
2.05,0,388,264,502,186
2.09,0,388,264,501,186
2.14,0,388,264,501,186
2.18,0,388,263,501,186
2.22,0,388,263,501,186
2.26,0,388,263,501,186
2.3,0,388,263,501,186
2.34,0,388,263,501,186
2.38,0,388,263,501,186
2.42,0,388,263,501,186
2.46,0,388,263,501,186
2.51,0,388,263,502,186
2.55,0,388,263,502,186
2.59,0,388,263,501,186
2.63,0,388,263,501,186
2.67,0,388,263,501,186
2.71,0,388,263,501,186
2.75,0,388,263,501,186
2.79,0,388,263,501,186
2.83,0,388,263,501,186
2.87,0,388,263,501,186
2.92,0,388,263,501,186
2.96,0,388,263,501,186
3.0,0,388,263,501,186
3.04,0,388,263,501,186
3.08,0,388,263,501,186
3.12,0,387,263,501,186
3.16,0,387,263,501,186
3.2,0,387,264,501,186
3.24,0,387,264,501,186
3.29,0,387,263,501,186
3.33,0,387,263,501,186
3.37,0,387,263,501,186
3.41,0,387,263,501,186
3.45,0,387,263,501,186
3.49,0,387,263,501,186
3.53,0,387,263,501,186
3.57,0,387,263,501,186
3.61,0,387,263,501,186
3.66,0,387,263,501,186
3.7,0,387,263,501,186
3.74,0,388,264,501,187
3.78,0,388,264,501,187
3.82,0,388,264,501,187
3.86,0,388,264,501,187
3.9,0,388,264,501,187
3.94,0,388,264,501,187
3.98,0,388,264,501,187
4.02,0,388,264,501,187
4.07,0,388,264,501,187
4.11,0,388,264,501,187
4.15,0,388,263,502,186
4.19,0,388,263,502,186
4.23,0,388,263,502,186
4.27,0,388,263,502,186
4.31,0,388,263,502,186
4.35,0,388,263,502,186
4.39,0,388,263,502,186
4.44,0,388,263,502,186
4.48,0,388,263,502,186
4.52,0,388,263,502,186
4.56,0,388,263,502,186
4.6,0,388,263,502,186
4.64,0,388,263,502,186
4.68,0,388,263,502,186
4.72,0,388,263,502,186
4.76,0,388,263,502,186
4.81,0,388,263,502,186
4.85,0,388,263,502,186
4.89,0,388,263,502,186
4.93,0,388,263,502,186
4.97,0,388,263,502,186
5.01,0,388,263,502,186
5.05,0,388,263,502,186
5.09,0,388,263,502,186
5.13,0,388,263,502,186
5.17,0,388,263,502,186
5.22,0,388,263,502,186
5.26,0,388,263,502,186
5.3,0,388,263,502,186
5.34,0,388,263,502,186
5.38,0,388,263,502,186
5.42,0,388,263,502,186
5.46,0,388,263,502,186
5.5,0,388,263,502,186
5.54,0,388,263,502,186
5.59,0,388,263,502,186
5.63,0,388,263,502,186
5.67,0,388,263,502,186
5.71,0,388,263,502,186
5.75,0,388,263,502,186
5.79,0,388,263,502,186
5.83,0,388,263,502,186
5.87,0,388,263,502,186
5.91,0,388,263,502,186
5.96,0,388,263,502,186
6.0,0,388,263,502,186
6.04,0,388,263,502,186
6.08,0,388,263,502,186
6.12,0,388,263,502,186
6.16,0,388,263,502,186
6.2,0,388,263,502,186
6.24,0,388,263,502,186
6.28,0,388,263,502,186
6.32,0,388,263,502,186
6.37,0,388,263,502,186
6.41,0,388,263,502,186
6.45,0,388,263,501,186
6.49,0,388,263,501,186
6.53,0,388,263,501,186
6.57,0,388,263,501,186
6.61,0,388,263,501,186
6.65,0,388,263,501,186
6.69,0,388,263,501,186
6.74,0,388,263,501,186
6.78,0,388,263,501,186
6.82,0,388,263,501,186
6.86,0,388,263,501,186
6.9,0,388,263,501,186
6.94,0,388,263,501,186
6.98,0,388,263,501,186
7.02,0,388,263,501,186
7.06,0,388,263,501,186
7.11,0,388,263,501,186
7.15,0,388,263,501,186
7.19,0,388,263,501,186
7.23,0,388,263,501,186
7.27,0,388,263,501,186
7.31,0,388,263,501,186
7.35,0,388,263,501,186
7.39,0,388,263,501,186
7.43,0,388,263,501,186
7.47,0,388,263,501,186
7.52,0,388,263,501,186
7.56,0,388,263,501,186
7.6,0,388,263,501,186
7.64,0,388,263,501,186
7.68,0,388,263,501,186
7.72,0,388,263,501,186
7.76,0,388,263,501,186
7.8,0,388,263,501,186
7.84,0,388,263,501,186
7.89,0,388,263,501,186
7.93,0,388,263,501,186
7.97,0,388,263,501,186
8.01,0,388,263,501,186
8.05,0,388,263,501,186
8.09,0,388,263,501,186
8.13,0,388,263,501,186
8.17,0,388,263,501,186
8.21,0,388,263,501,186
8.25,0,387,263,501,186
8.3,0,387,263,501,186
8.34,0,387,263,501,186
8.38,0,387,263,501,186
8.42,0,387,263,501,186
8.46,0,387,263,501,186
8.5,0,387,263,501,186
8.54,0,387,263,501,186
8.58,0,387,263,502,186
8.62,0,387,263,502,186
8.67,0,387,263,502,186
8.71,0,387,263,502,186
8.75,0,387,263,502,186
8.79,0,387,263,502,186
8.83,0,387,263,502,186
8.87,0,387,263,502,186
8.91,0,387,263,502,186
8.95,0,387,263,502,186
8.99,0,387,263,502,186
9.04,0,387,263,502,186
9.08,0,387,263,502,186
9.12,0,387,263,502,186
9.16,0,387,263,502,186
9.2,0,387,263,502,186
9.24,0,387,263,502,186
9.28,0,387,263,502,186
9.32,0,387,263,502,186
9.36,0,387,263,502,186
9.4,0,387,263,502,186
9.45,0,387,263,502,186
9.49,0,387,263,502,186
9.53,0,387,263,502,186
9.57,0,387,263,502,186
9.61,0,387,263,502,186
9.65,0,387,263,502,186
9.69,0,387,263,502,186
9.73,0,387,263,502,186
9.77,0,387,263,502,186
9.82,0,387,263,502,186
9.86,0,387,263,502,186
9.9,0,387,263,502,186
9.94,0,387,263,502,186
9.98,0,387,263,502,186
10.02,0,387,263,502,186
10.06,0,387,263,502,186
10.1,0,387,263,502,186
10.14,0,387,263,502,186
10.19,0,387,263,502,186
10.23,0,387,263,502,186
10.27,0,388,263,501,187
10.31,0,388,263,501,186
10.35,0,388,263,501,187
10.39,0,388,263,501,187
10.43,0,388,263,501,187
10.47,0,388,263,501,186
10.51,0,388,263,501,186
10.55,0,388,263,501,186
10.6,0,388,263,501,186
10.64,0,388,263,501,186
10.68,0,388,263,501,186
10.72,0,388,263,501,186
10.76,0,388,263,501,186
10.8,0,388,263,501,186
10.84,0,388,263,501,186
10.88,0,388,263,501,186
10.92,0,388,263,501,186
10.97,0,388,263,501,186
11.01,0,388,263,501,186
11.05,0,388,263,501,186
11.09,0,388,263,501,186
11.13,0,388,263,501,186
11.17,0,388,263,501,186
11.21,0,388,263,501,186
11.25,0,388,263,502,186
11.29,0,388,263,502,186
11.34,0,388,263,502,186
11.38,0,388,263,502,186
11.42,0,388,263,502,186
11.46,0,388,263,502,186
11.5,0,388,263,501,186
11.54,0,388,263,501,186
11.58,0,388,263,501,186
11.62,0,388,263,501,186
11.66,0,388,263,501,186
11.7,0,388,263,501,186
11.75,0,388,263,501,186
11.79,0,388,263,501,186
11.83,0,388,263,501,186
11.87,0,388,263,501,186
11.91,0,388,263,501,186
11.95,0,388,263,501,186
11.99,0,388,263,502,186
12.03,0,388,263,501,186
12.07,0,388,263,501,186
12.12,0,388,263,501,186
12.16,0,388,263,501,186
12.2,0,388,263,501,186
12.24,0,388,263,501,186
12.28,0,388,263,501,186
12.32,0,388,263,501,186
12.36,0,388,263,502,186
12.4,0,388,263,502,186
12.44,0,388,263,502,186
12.49,0,388,263,502,186
12.53,0,388,263,502,186
12.57,0,388,263,502,186
12.61,0,388,263,502,186
12.65,0,388,263,502,186
12.69,0,388,263,502,186
12.73,0,388,263,502,186
12.77,0,388,263,502,186
12.81,0,388,263,502,186
12.85,0,388,263,502,186
12.9,0,388,263,502,186
12.94,0,388,263,502,186
12.98,0,388,263,502,186
13.02,0,388,263,502,186
13.06,0,388,263,502,186
13.1,0,388,263,502,186
13.14,0,388,263,502,186
13.18,0,388,263,502,186
13.22,0,388,263,502,186
13.27,0,388,263,502,186
13.31,0,388,263,502,186
13.35,0,388,263,502,186
13.39,0,388,263,502,186
13.43,0,388,263,502,186
13.47,0,388,263,502,186
13.51,0,388,263,502,186
13.55,0,388,263,502,186
13.59,0,388,263,502,186
13.64,0,388,263,502,186
13.68,0,388,263,502,186
13.72,0,388,263,502,186
13.76,0,388,263,502,186
13.8,0,388,263,502,186
13.84,0,388,263,502,186
13.88,0,388,263,502,186
13.92,0,388,263,502,186
13.96,0,388,263,502,186
14.0,0,388,263,502,186
14.05,0,388,263,502,186
14.09,0,388,263,502,186
14.13,0,388,263,502,186
14.17,0,388,263,502,186
14.21,0,388,263,502,186
0.04,1,489,369,575,218
0.08,1,489,369,575,220
0.12,1,490,369,574,221
0.16,1,490,370,574,223
0.2,1,491,371,574,224
0.24,1,492,371,574,225
0.28,1,492,372,574,225
0.32,1,493,373,574,225
0.36,1,494,373,574,225
0.4,1,494,374,574,225
0.44,1,495,375,574,225
0.48,1,496,376,574,225
0.52,1,497,377,574,225
0.56,1,498,377,574,225
0.6,1,499,378,575,225
0.64,1,500,378,575,226
0.69,1,501,379,575,226
0.73,1,501,380,576,226
0.77,1,502,381,576,227
0.81,1,503,382,577,227
0.85,1,503,382,578,227
0.89,1,504,383,579,228
0.93,1,505,384,579,228
0.97,1,506,385,580,229
1.01,1,507,386,581,229
1.05,1,508,387,581,230
1.09,1,509,388,582,230
1.13,1,510,388,582,230
1.17,1,511,390,583,230
1.21,1,512,391,584,231
1.25,1,513,392,585,231
1.29,1,513,392,585,232
1.33,1,514,393,586,232
1.37,1,515,394,587,232
1.41,1,516,394,587,232
1.45,1,517,395,588,233
1.49,1,518,396,589,233
1.53,1,519,397,589,234
1.57,1,520,398,590,234
1.61,1,521,399,590,234
1.65,1,522,400,591,235
1.69,1,523,399,591,235
1.73,1,524,400,592,235
1.77,1,524,398,592,236
1.81,1,524,395,593,235
1.85,1,523,391,593,236
1.89,1,522,387,594,236
1.93,1,520,382,594,236
1.98,1,518,378,594,235
2.02,1,515,374,594,234
2.06,1,512,371,594,233
2.1,1,509,369,593,231
2.14,1,507,366,592,229
2.18,1,504,365,591,227
2.22,1,501,364,590,224
2.26,1,498,364,589,222
2.3,1,496,364,587,220
2.34,1,495,365,585,218
2.38,1,493,366,584,217
2.42,1,493,367,582,215
2.46,1,492,368,581,214
2.5,1,492,369,579,213
2.54,1,492,369,578,213
2.58,1,492,369,577,214
2.62,1,493,369,576,215
2.66,1,493,370,575,217
2.7,1,493,370,575,218
2.74,1,494,371,574,220
2.78,1,495,372,574,222
2.82,1,495,372,574,223
2.86,1,496,373,573,224
2.9,1,497,374,573,224
2.94,1,497,375,574,224
2.98,1,498,375,574,224
3.02,1,499,376,574,224
3.06,1,500,377,575,224
3.1,1,500,377,575,225
3.14,1,501,378,575,225
3.18,1,502,379,575,225
3.22,1,503,380,576,226
3.27,1,503,380,576,226
3.31,1,504,381,577,226
3.35,1,504,382,577,227
3.39,1,505,382,577,227
3.43,1,506,383,578,227
3.47,1,506,384,579,227
3.51,1,507,385,579,228
3.55,1,508,386,580,228
3.59,1,509,386,580,229
3.63,1,510,387,581,229
3.67,1,511,388,582,229
3.71,1,512,389,582,229
3.75,1,513,390,583,230
3.79,1,514,391,583,230
3.83,1,514,392,584,231
3.87,1,515,392,585,231
3.91,1,516,393,585,231
3.95,1,517,394,586,232
3.99,1,517,394,586,232
4.03,1,518,394,588,233
4.07,1,519,395,588,233
4.11,1,519,396,589,234
4.15,1,520,396,590,235
4.19,1,521,397,591,235
4.23,1,522,397,591,235
4.27,1,523,397,592,235
4.31,1,524,397,592,235
4.35,1,525,398,592,236
4.39,1,526,399,593,236
4.43,1,527,400,593,235
4.47,1,529,400,593,234
4.51,1,530,399,593,233
4.56,1,532,395,592,231
4.6,1,532,391,592,228
4.64,1,531,386,591,226
4.68,1,529,381,590,222
4.72,1,527,376,588,219
4.76,1,524,372,587,217
4.8,1,521,369,584,213
4.84,1,519,367,583,212
4.88,1,516,365,581,211
4.92,1,513,363,579,210
4.96,1,510,362,578,210
5.0,1,507,361,576,211
5.04,1,504,360,575,212
5.08,1,501,360,574,213
5.12,1,499,360,574,215
5.16,1,496,360,574,217
5.2,1,494,361,574,219
5.24,1,492,362,574,221
5.28,1,491,364,573,223
5.32,1,490,366,573,224
5.36,1,489,368,573,224
5.4,1,489,369,573,225
5.44,1,489,369,573,225
5.48,1,489,369,573,225
5.52,1,490,370,573,225
5.56,1,490,370,574,225
5.6,1,491,371,574,225
5.64,1,492,372,574,226
5.68,1,492,372,574,226
5.72,1,493,373,574,226
5.76,1,494,374,575,226
5.8,1,495,375,575,227
5.84,1,495,375,576,227
5.89,1,496,376,577,227
5.93,1,497,376,577,228
5.97,1,498,377,578,228
6.01,1,499,378,579,228
6.05,1,499,378,579,229
6.09,1,500,379,580,229
6.13,1,501,380,581,230
6.17,1,502,381,582,230
6.21,1,502,382,583,231
6.25,1,503,383,584,231
6.29,1,504,384,584,232
6.33,1,505,385,585,232
6.37,1,505,385,586,232
6.41,1,506,386,586,233
6.45,1,507,387,587,233
6.49,1,507,388,588,234
6.53,1,508,389,588,234
6.57,1,509,390,589,234
6.61,1,510,390,589,235
6.65,1,510,391,590,235
6.69,1,511,392,590,235
6.73,1,512,393,591,235
6.77,1,513,394,591,236
6.81,1,513,394,591,236
6.85,1,514,395,591,236
6.89,1,514,396,591,235
6.93,1,515,397,591,234
6.97,1,516,398,591,232
7.01,1,517,398,590,228
7.05,1,518,399,589,224
7.09,1,518,400,588,221
7.13,1,519,401,586,218
7.18,1,520,401,584,215
7.22,1,521,402,582,213
7.26,1,522,402,580,212
7.3,1,522,403,579,212
7.34,1,523,404,577,212
7.38,1,524,404,575,213
7.42,1,524,405,574,215
7.46,1,526,406,573,216
7.5,1,527,407,573,218
7.54,1,528,408,572,219
7.58,1,529,408,572,221
7.62,1,530,406,572,223
7.66,1,530,403,572,224
7.7,1,530,399,572,224
7.74,1,529,395,572,224
7.78,1,526,392,572,224
7.82,1,523,388,572,224
7.86,1,519,384,572,224
7.9,1,515,380,573,224
7.94,1,511,376,573,225
7.98,1,507,372,574,225
8.02,1,503,369,574,225
8.06,1,500,366,575,226
8.1,1,496,365,575,226
8.14,1,492,365,576,226
8.18,1,490,366,576,228
8.22,1,488,367,577,227
8.26,1,487,368,577,228
8.3,1,487,368,578,228
8.34,1,488,368,579,228
8.38,1,488,368,579,228
8.42,1,489,368,580,229
8.47,1,490,369,581,229
8.51,1,490,369,581,229
8.55,1,491,370,582,230
8.59,1,492,371,583,231
8.63,1,493,372,583,231
8.67,1,493,373,584,231
8.71,1,494,374,584,232
8.75,1,495,375,584,232
8.79,1,495,375,585,232
8.83,1,496,376,586,232
8.87,1,496,377,586,233
8.91,1,497,378,587,232
8.95,1,497,379,587,233
8.99,1,498,379,588,233
9.03,1,499,380,588,234
9.07,1,500,380,588,234
9.11,1,500,381,589,234
9.15,1,501,381,589,234
9.19,1,502,382,589,235
9.23,1,502,383,590,235
9.27,1,503,383,591,235
9.31,1,504,384,591,235
9.35,1,505,385,591,236
9.39,1,506,385,592,236
9.43,1,507,386,592,236
9.47,1,508,387,593,236
9.51,1,509,388,593,237
9.55,1,510,389,593,236
9.59,1,511,390,593,235
9.63,1,512,391,593,233
9.67,1,512,392,591,231
9.71,1,513,393,591,228
9.76,1,514,394,589,226
9.8,1,515,395,587,223
9.84,1,516,396,585,220
9.88,1,517,397,583,218
9.92,1,518,398,581,216
9.96,1,519,399,579,215
10.0,1,520,400,577,214
10.04,1,521,400,575,214
10.08,1,522,401,574,215
10.12,1,522,402,573,215
10.16,1,523,403,572,216
10.2,1,524,403,572,217
10.24,1,525,404,572,220
10.28,1,526,405,572,221
10.32,1,527,406,572,223
10.36,1,528,407,572,224
10.4,1,529,407,572,224
10.44,1,530,407,572,224
10.48,1,532,406,572,224
10.52,1,533,403,572,224
10.56,1,533,399,572,224
10.6,1,532,395,572,224
10.64,1,530,390,572,224
10.68,1,527,386,572,224
10.72,1,524,381,572,224
10.76,1,520,377,572,224
10.8,1,516,374,573,225
10.84,1,513,370,573,224
10.88,1,509,368,573,225
10.92,1,505,366,573,225
10.96,1,502,365,573,224
11.0,1,499,365,574,225
11.05,1,496,365,574,225
11.09,1,494,367,574,225
11.13,1,493,368,574,225
11.17,1,492,370,574,226
11.21,1,492,370,575,226
11.25,1,492,370,576,226
11.29,1,492,371,576,226
11.33,1,493,371,576,227
11.37,1,494,371,577,227
11.41,1,495,372,578,227
11.45,1,495,373,578,227
11.49,1,497,374,579,227
11.53,1,497,375,579,228
11.57,1,498,375,579,228
11.61,1,499,376,579,228
11.65,1,500,377,580,229
11.69,1,501,378,581,229
0.04,0,365,269,488,182
0.08,0,365,269,488,182
0.12,0,365,269,489,182
0.16,0,365,269,489,182
0.21,0,365,269,489,182
0.25,0,365,269,489,182
0.29,0,365,268,488,182
0.33,0,365,267,488,182
0.37,0,365,264,488,182
0.41,0,365,259,488,182
0.45,0,363,253,489,182
0.49,0,361,246,488,182
0.53,0,358,238,488,182
0.57,0,354,230,488,182
0.62,0,350,224,488,182
0.66,0,347,220,488,182
0.7,0,346,216,488,182
0.74,0,346,214,488,182
0.78,0,346,213,488,182
0.82,0,347,214,489,182
0.86,0,349,217,488,182
0.9,0,350,221,488,182
0.94,0,352,227,488,182
0.99,0,354,234,488,182
1.03,0,357,242,488,182
1.07,0,359,251,488,182
1.11,0,361,261,488,182
1.15,0,361,268,488,183
1.19,0,361,268,488,183
1.23,0,362,267,488,183
1.27,0,362,267,488,183
1.31,0,362,268,488,183
1.35,0,362,270,488,182
1.4,0,362,270,488,182
1.44,0,362,269,488,181
1.48,0,362,269,488,179
1.52,0,362,269,488,177
1.56,0,362,269,488,175
1.6,0,362,269,488,174
1.64,0,362,269,490,172
1.68,0,361,268,492,170
1.72,0,361,267,494,168
1.77,0,358,264,498,165
1.81,0,355,260,502,161
1.85,0,351,255,505,159
1.89,0,346,249,507,158
1.93,0,341,243,507,158
1.97,0,335,238,510,155
2.01,0,330,234,510,155
2.05,0,325,231,510,155
2.09,0,323,230,510,155
2.13,0,322,229,510,155
2.18,0,320,228,510,155
2.22,0,318,228,510,155
2.26,0,316,229,510,155
2.3,0,315,230,508,156
2.34,0,314,232,505,157
2.38,0,313,236,502,159
2.42,0,313,238,498,160
2.46,0,314,240,492,162
2.5,0,314,241,488,164
2.55,0,315,241,488,164
2.59,0,316,241,480,167
2.63,0,318,240,477,169
2.67,0,321,239,477,169
2.71,0,325,238,477,169
2.75,0,331,238,477,169
2.79,0,337,237,477,169
2.83,0,337,237,477,169
2.87,0,341,241,477,169
2.91,0,348,242,477,169
2.96,0,354,244,477,169
3.0,0,359,247,477,169
3.04,0,363,252,477,169
3.08,0,366,258,496,165
3.12,0,368,266,502,164
3.16,0,369,270,506,163
3.2,0,369,269,509,162
3.24,0,370,269,511,161
3.28,0,370,268,512,160
3.33,0,370,269,512,159
3.37,0,370,269,512,158
3.41,0,369,269,512,158
3.45,0,369,269,512,158
3.49,0,369,269,512,158
3.53,0,369,269,511,158
3.57,0,369,269,511,158
3.61,0,369,269,510,158
3.65,0,369,269,509,159
3.69,0,370,268,508,160
3.74,0,370,267,505,161
3.78,0,370,264,502,162
3.82,0,371,259,498,163
3.86,0,370,253,493,165
3.9,0,370,246,488,167
3.94,0,368,239,483,169
3.98,0,366,233,483,169
4.02,0,364,227,483,169
4.06,0,362,223,483,169
4.11,0,361,221,483,169
4.15,0,361,220,483,169
4.19,0,361,221,483,169
4.23,0,363,223,483,169
4.27,0,363,228,483,169
4.31,0,364,234,483,169
4.35,0,365,240,483,169
4.39,0,366,248,483,169
4.43,0,366,257,483,169
4.47,0,366,267,483,169
4.52,0,365,270,483,169
4.56,0,365,269,483,169
4.6,0,366,269,487,168
4.64,0,366,269,488,166
4.68,0,366,270,491,165
4.72,0,366,270,494,164
4.76,0,366,269,497,164
4.8,0,366,269,500,164
4.84,0,366,269,503,165
4.89,0,367,267,505,165
4.93,0,368,262,506,165
4.97,0,368,254,507,165
5.01,0,368,244,508,165
5.05,0,367,232,508,165
5.09,0,365,219,508,165
5.13,0,363,205,507,165
5.17,0,360,193,505,166
5.21,0,358,184,503,166
5.25,0,355,174,500,166
5.3,0,353,168,496,167
5.34,0,350,164,492,168
5.38,0,349,162,492,168
5.42,0,347,162,492,168
5.46,0,346,162,492,168
5.5,0,346,163,492,168
5.54,0,346,163,492,168
5.58,0,346,162,492,168
5.62,0,345,162,492,168
5.67,0,345,162,492,168
5.71,0,345,162,492,168
5.75,0,344,162,492,168
5.79,0,344,161,492,168
5.83,0,344,161,492,168
5.87,0,345,162,492,168
5.91,0,345,163,495,173
5.95,0,346,163,499,172
5.99,0,345,164,503,169
6.03,0,346,164,505,169
6.08,0,346,163,508,169
6.12,0,346,163,509,167
6.16,0,346,163,509,167
6.2,0,346,164,509,166
6.24,0,346,164,509,166
6.28,0,346,164,508,167
6.32,0,347,164,508,167
6.36,0,346,163,507,168
6.4,0,346,163,506,168
6.45,0,346,163,504,169
6.49,0,347,164,501,169
6.53,0,346,165,498,171
6.57,0,346,166,495,172
6.61,0,346,166,492,172
6.65,0,345,165,489,174
6.69,0,345,165,486,174
6.73,0,346,165,484,175
6.77,0,346,166,482,176
6.81,0,346,167,481,176
6.86,0,347,167,481,176
6.9,0,348,168,482,176
6.94,0,350,170,483,176
6.98,0,352,173,485,177
7.02,0,356,177,487,176
7.06,0,360,182,490,177
7.1,0,364,189,492,175
7.14,0,369,197,494,174
7.18,0,373,207,496,171
7.23,0,376,217,497,167
7.27,0,377,228,497,163
7.31,0,378,238,497,158
7.35,0,378,249,496,153
7.39,0,378,261,496,149
7.43,0,375,269,495,145
7.47,0,373,270,494,142
7.51,0,374,269,494,142
7.55,0,374,269,494,142
7.59,0,374,269,494,143
7.64,0,374,269,494,144
7.68,0,374,269,494,145
7.72,0,373,269,494,145
7.76,0,373,269,494,145
7.8,0,373,269,494,145
7.84,0,373,269,494,146
7.88,0,373,269,494,145
7.92,0,373,269,494,146
7.96,0,373,269,494,146
8.01,0,373,269,494,147
8.05,0,373,269,493,145
8.09,0,373,269,493,146
8.13,0,373,269,494,146
8.17,0,373,269,494,146
8.21,0,373,269,494,147
8.25,0,373,269,494,148
8.29,0,373,268,493,149
8.33,0,372,268,494,151
8.37,0,371,267,494,152
8.42,0,371,267,494,153
8.46,0,370,266,495,154
8.5,0,369,264,495,154
8.54,0,367,261,495,154
8.58,0,365,257,495,152
8.62,0,363,255,494,150
8.66,0,361,252,494,149
8.7,0,359,250,494,147
8.74,0,357,249,494,146
8.79,0,355,250,493,145
8.83,0,353,251,492,145
8.87,0,351,251,493,145
8.91,0,348,252,493,146
8.95,0,346,252,493,147
8.99,0,345,252,493,148
9.03,0,344,253,492,148
9.07,0,343,253,492,148
9.11,0,343,254,492,149
9.15,0,344,254,492,149
9.2,0,345,255,492,149
9.24,0,347,256,492,150
9.28,0,348,258,492,150
9.32,0,350,260,492,150
9.36,0,350,262,491,151
9.4,0,349,266,492,152
9.44,0,348,270,492,152
9.48,0,348,272,491,153
9.52,0,348,271,491,154
9.57,0,349,270,491,155
9.61,0,349,269,491,156
9.65,0,349,269,491,157
9.69,0,348,269,490,161
9.73,0,348,268,490,163
9.77,0,348,267,488,166
9.81,0,348,267,486,169
9.85,0,348,267,483,172
9.89,0,348,266,480,174
9.93,0,348,267,477,176
9.98,0,348,267,473,176
10.02,0,348,267,473,176
10.06,0,348,267,473,176
10.1,0,348,267,473,176
10.14,0,348,266,473,176
10.18,0,348,266,473,176
10.22,0,348,266,473,176
10.26,0,348,265,473,176
10.3,0,348,264,473,176
10.35,0,349,264,479,177
10.39,0,349,262,484,176
10.43,0,350,261,488,174
10.47,0,351,261,492,174
10.51,0,352,260,495,174
10.55,0,353,259,498,173
10.59,0,355,259,500,174
10.63,0,356,258,501,174
10.67,0,358,256,502,173
10.71,0,360,255,502,173
10.76,0,362,254,502,174
10.8,0,364,255,501,174
10.84,0,367,256,500,175
10.88,0,370,260,499,175
10.92,0,372,265,497,175
10.96,0,373,270,496,175
11.0,0,373,270,493,175
11.04,0,372,270,490,175
11.08,0,371,270,488,175
11.13,0,371,270,484,175
11.17,0,370,270,482,177
11.21,0,370,270,480,177
11.25,0,371,270,478,178
11.29,0,371,270,477,178
11.33,0,371,270,476,177
11.37,0,371,270,477,179
11.41,0,370,270,477,178
11.45,0,371,270,477,179
11.49,0,371,270,478,178
11.54,0,371,270,480,178
11.58,0,371,270,482,178
11.62,0,371,270,485,176
11.66,0,371,270,489,175
11.7,0,371,270,492,173
11.74,0,371,270,494,172
11.78,0,371,270,496,171
11.82,0,371,270,498,170
11.86,0,371,270,498,170
11.91,0,371,270,499,169
11.95,0,371,270,499,169
11.99,0,371,270,499,170
12.03,0,371,270,499,170
12.07,0,371,270,498,170
12.11,0,371,270,498,171
12.15,0,371,270,497,171
12.19,0,371,270,495,171
12.23,0,371,270,494,171
12.27,0,371,270,492,172
12.32,0,371,270,489,172
12.36,0,371,270,487,173
12.4,0,371,270,484,174
12.44,0,371,270,482,174
12.48,0,371,270,479,175
12.52,0,371,270,478,175
12.56,0,371,270,477,175
12.6,0,371,270,477,175
12.64,0,371,270,477,176
12.69,0,371,270,478,175
12.73,0,371,270,480,175
12.77,0,371,270,482,175
12.81,0,371,270,485,175
12.85,0,371,270,488,175
12.89,0,371,270,491,174
12.93,0,371,270,493,173
12.97,0,371,270,496,173
13.01,0,371,270,497,172
13.05,0,371,270,498,171
13.1,0,371,270,499,171
13.14,0,371,270,499,170
13.18,0,371,270,499,170
13.22,0,371,270,499,170
13.26,0,371,270,498,171
13.3,0,371,270,498,171
13.34,0,371,270,496,172
13.38,0,371,270,494,173
13.42,0,371,270,492,175
13.47,0,371,270,489,176
13.51,0,371,270,487,177
13.55,0,371,270,485,177
13.59,0,371,270,483,177
13.63,0,371,270,482,178
13.67,0,371,270,481,177
13.71,0,371,270,481,177
13.75,0,371,270,481,177
13.79,0,371,270,483,177
13.83,0,371,270,485,177
13.88,0,371,270,488,176
13.92,0,371,270,491,176
13.96,0,371,270,493,175
14.0,0,371,270,496,175
14.04,0,371,270,498,174
0.04,1,497,414,574,211
0.09,1,498,411,573,212
0.13,1,498,407,573,214
0.17,1,497,401,572,217
0.22,1,496,394,572,218
0.26,1,494,388,572,221
0.3,1,493,382,571,222
0.35,1,491,376,572,222
0.39,1,489,372,571,222
0.43,1,487,368,572,221
0.47,1,485,365,572,221
0.52,1,483,363,572,222
0.56,1,481,362,572,221
0.6,1,480,362,572,222
0.65,1,479,362,572,221
0.69,1,478,362,572,221
0.73,1,477,363,572,221
0.78,1,476,365,572,221
0.82,1,476,366,572,221
0.86,1,475,368,572,221
0.91,1,475,369,573,221
0.95,1,475,369,573,221
0.99,1,475,369,573,222
1.04,1,475,370,574,222
1.08,1,475,371,574,223
1.12,1,476,372,574,223
1.16,1,476,373,575,223
1.21,1,477,374,575,223
1.25,1,477,375,576,224
1.29,1,478,377,576,224
1.34,1,479,378,577,225
1.38,1,479,379,577,225
1.42,1,480,381,578,226
1.47,1,480,382,578,226
1.51,1,481,384,579,226
1.55,1,482,386,579,227
1.6,1,483,388,580,227
1.64,1,484,390,580,228
1.68,1,484,392,581,228
1.73,1,485,395,581,228
1.77,1,486,397,581,228
1.81,1,487,399,582,229
1.85,1,488,401,583,230
1.9,1,489,403,583,230
1.94,1,490,405,584,231
1.98,1,491,407,585,231
2.03,1,491,409,585,231
2.07,1,492,411,586,232
2.11,1,493,412,586,232
2.16,1,494,415,587,232
2.2,1,496,415,588,233
2.24,1,496,416,588,232
2.29,1,496,415,588,230
2.33,1,497,413,588,228
2.37,1,497,410,588,225
2.42,1,497,407,588,221
2.46,1,496,402,587,217
2.5,1,495,397,586,214
2.54,1,494,392,584,211
2.59,1,492,387,583,208
2.63,1,490,382,581,207
2.67,1,488,378,579,206
2.72,1,487,375,577,206
2.76,1,486,373,576,207
2.8,1,484,371,574,208
2.85,1,483,370,573,210
2.89,1,482,369,573,212
2.93,1,481,368,572,215
2.98,1,480,367,572,217
3.02,1,479,368,571,219
3.06,1,478,369,571,220
3.11,1,478,370,571,221
3.15,1,477,371,571,221
3.19,1,478,371,571,221
3.23,1,478,372,571,221
3.28,1,478,372,571,221
3.32,1,478,373,572,221
3.36,1,479,374,572,221
3.41,1,479,374,572,222
3.45,1,479,376,572,222
3.49,1,480,377,573,222
3.54,1,481,379,573,222
3.58,1,481,380,574,222
3.62,1,482,381,574,223
3.67,1,483,383,574,223
3.71,1,484,385,575,224
3.75,1,485,387,575,224
3.8,1,485,389,576,225
3.84,1,486,391,576,225
3.88,1,487,393,577,225
3.92,1,488,396,577,225
3.97,1,489,398,577,225
4.01,1,489,400,578,226
4.05,1,491,402,578,226
4.1,1,491,404,579,226
4.14,1,492,405,579,226
4.18,1,492,407,579,227
4.23,1,493,410,580,227
4.27,1,494,412,580,227
4.31,1,495,413,580,227
4.36,1,496,414,581,227
4.4,1,497,415,581,228
4.44,1,497,415,581,228
4.49,1,498,414,582,228
4.53,1,499,412,582,229
4.57,1,499,409,582,229
4.61,1,499,405,583,229
4.66,1,498,400,583,229
4.7,1,497,394,583,230
4.74,1,496,388,583,230
4.79,1,494,383,584,230
4.83,1,492,378,584,230
4.87,1,491,374,584,230
4.92,1,489,370,585,231
4.96,1,488,368,585,231
5.0,1,486,367,585,231
5.05,1,485,366,586,231
5.09,1,484,366,586,231
5.13,1,483,366,586,232
5.18,1,482,367,587,232
5.22,1,481,368,587,232
5.26,1,481,369,588,232
5.3,1,480,371,588,232
5.35,1,480,373,589,233
5.39,1,479,374,589,232
5.43,1,480,374,589,231
5.48,1,480,374,589,229
5.52,1,481,375,589,225
5.56,1,482,376,588,222
5.61,1,483,377,587,217
5.65,1,484,379,586,214
5.69,1,485,380,583,211
5.74,1,487,381,582,208
5.78,1,488,383,580,207
5.82,1,490,385,578,207
5.87,1,491,386,576,207
5.91,1,492,388,575,209
5.95,1,493,390,574,210
5.99,1,494,392,573,212
6.04,1,495,394,572,213
6.08,1,496,395,572,215
6.12,1,497,397,572,216
6.17,1,497,399,572,217
6.21,1,498,401,572,218
6.25,1,499,402,572,219
6.3,1,500,404,572,219
6.34,1,501,406,572,219
6.38,1,502,407,572,219
6.43,1,503,408,572,219
6.47,1,504,410,572,219
6.51,1,505,411,572,220
6.56,1,506,412,572,220
6.6,1,507,411,572,220
6.64,1,508,411,572,220
6.69,1,509,409,573,220
6.73,1,509,407,573,220
6.77,1,508,404,573,221
6.81,1,507,399,574,220
6.86,1,506,393,574,221
6.9,1,503,387,574,221
6.94,1,500,381,575,221
6.99,1,497,375,575,222
7.03,1,494,371,576,222
7.07,1,491,369,576,222
7.12,1,489,367,576,223
7.16,1,487,366,576,223
7.2,1,485,366,577,223
7.25,1,484,366,577,224
7.29,1,483,367,577,224
7.33,1,482,369,578,224
7.38,1,481,370,578,224
7.42,1,481,372,578,225
7.46,1,480,373,578,225
7.5,1,480,374,579,225
7.55,1,480,374,579,225
7.59,1,480,375,579,225
7.63,1,480,375,579,226
7.68,1,481,376,580,226
7.72,1,481,377,580,226
7.76,1,482,378,580,226
7.81,1,482,379,581,227
7.85,1,483,380,582,227
7.89,1,484,381,582,227
7.94,1,485,382,582,227
7.98,1,486,383,582,228
8.02,1,487,385,583,228
8.07,1,487,386,583,229
8.11,1,488,388,583,229
8.15,1,490,389,584,229
8.19,1,490,391,584,229
8.24,1,491,393,584,230
8.28,1,492,394,585,230
8.32,1,493,396,585,231
8.37,1,494,397,586,231
8.41,1,495,399,586,231
8.45,1,496,400,586,232
8.5,1,497,402,587,232
8.54,1,498,404,586,232
8.58,1,499,405,586,232
8.63,1,500,407,585,231
8.67,1,501,409,584,229
8.71,1,502,410,583,227
8.76,1,503,411,582,225
8.8,1,504,412,581,221
8.84,1,504,411,579,218
8.88,1,505,411,578,216
8.93,1,505,409,576,214
8.97,1,506,407,575,213
9.01,1,505,404,574,212
9.06,1,504,401,573,211
9.1,1,502,397,572,212
9.14,1,500,392,572,212
9.19,1,499,388,572,213
9.23,1,496,383,572,215
9.27,1,494,378,572,216
9.32,1,491,374,572,217
9.36,1,489,370,572,218
9.4,1,486,368,572,219
9.45,1,484,366,572,219
9.49,1,482,366,572,219
9.53,1,481,367,573,219
9.57,1,480,368,573,219
9.62,1,479,369,573,219
9.66,1,478,371,573,219
9.7,1,477,372,573,220
9.75,1,477,372,573,220
9.79,1,478,373,574,220
9.83,1,478,373,573,220
9.88,1,478,374,574,220
9.92,1,479,374,574,220
9.96,1,479,375,574,221
10.01,1,480,376,574,221
10.05,1,481,378,574,221
10.09,1,482,379,575,222
10.14,1,482,380,575,222
10.18,1,483,381,575,222
10.22,1,484,382,575,222
10.26,1,484,384,576,223
10.31,1,485,385,576,223
10.35,1,486,387,577,223
10.39,1,487,388,577,224
10.44,1,487,390,578,224
10.48,1,488,391,578,224
10.52,1,489,393,579,225
10.57,1,490,395,579,225
10.61,1,491,397,579,226
10.65,1,491,399,579,226
10.7,1,492,401,580,226
10.74,1,493,403,580,226
10.78,1,494,405,580,226
10.83,1,496,407,580,227
10.87,1,497,408,581,226
10.91,1,498,410,581,227
10.95,1,499,411,581,227
11.0,1,500,412,582,227
11.04,1,501,413,582,227
11.08,1,502,414,582,228
11.13,1,503,414,582,228
11.17,1,504,413,583,228
11.21,1,505,412,583,228
11.26,1,505,408,583,228
11.3,1,505,404,584,228
11.34,1,505,399,584,229
11.39,1,503,393,584,229
11.43,1,500,388,585,229
11.47,1,497,383,585,229
11.52,1,494,379,586,229
11.56,1,491,376,586,229
11.6,1,489,373,587,229
11.64,1,487,371,587,229
11.69,1,485,370,586,227
11.73,1,483,369,586,225
11.77,1,481,370,584,221
11.82,1,480,370,583,217
11.86,1,479,370,582,214
11.9,1,479,371,579,212
11.95,1,478,371,578,211
11.99,1,477,372,576,211
12.03,1,477,372,575,211
12.08,1,477,373,574,212
12.12,1,477,374,574,213
12.16,1,478,374,573,215
12.21,1,478,375,573,217
12.25,1,479,376,574,218
12.29,1,480,377,573,220
12.33,1,481,378,574,221
12.38,1,481,380,574,221
12.42,1,482,381,574,220
12.46,1,483,382,574,220
12.51,1,484,384,574,220
12.55,1,485,385,574,220
12.59,1,486,386,574,220
12.64,1,487,388,574,220
12.68,1,487,389,574,221
0.04,0,502,405,585,232
0.08,0,502,405,585,232
0.12,0,502,405,585,232
0.16,0,502,405,585,232
0.2,0,502,405,585,232
0.25,0,502,405,585,232
0.29,0,502,405,585,232
0.33,0,502,405,585,232
0.37,0,502,405,585,232
0.41,0,502,405,585,232
0.45,0,502,405,585,232
0.49,0,502,405,585,232
0.53,0,502,405,585,232
0.57,0,502,405,585,232
0.61,0,502,405,585,232
0.66,0,502,405,585,232
0.7,0,502,405,585,232
0.74,0,502,405,585,232
0.78,0,502,405,585,232
0.82,0,502,405,585,232
0.86,0,502,405,585,232
0.9,0,502,405,585,232
0.94,0,502,405,585,232
0.98,0,502,405,585,232
1.02,0,502,405,585,232
1.06,0,502,405,585,232
1.11,0,502,405,585,232
1.15,0,502,405,585,232
1.19,0,502,405,585,232
1.23,0,502,405,585,232
1.27,0,502,405,585,232
1.31,0,502,405,585,232
1.35,0,502,405,585,232
1.39,0,502,405,585,232
1.43,0,502,405,585,232
1.47,0,502,405,585,232
1.51,0,502,405,585,232
1.56,0,502,405,585,232
1.6,0,502,405,585,232
1.64,0,502,405,585,232
1.68,0,502,405,585,232
1.72,0,502,405,585,232
1.76,0,502,405,585,232
1.8,0,502,405,585,232
1.84,0,502,405,585,232
1.88,0,502,405,585,232
1.92,0,502,405,585,232
1.97,0,502,405,585,232
2.01,0,502,405,585,232
2.05,0,502,405,585,232
2.09,0,502,405,585,232
2.13,0,502,405,585,232
2.17,0,502,405,585,232
2.21,0,502,405,585,232
2.25,0,502,405,585,232
2.29,0,502,405,585,232
2.33,0,502,405,585,232
2.37,0,502,405,585,232
2.42,0,502,405,585,232
2.46,0,502,405,585,232
2.5,0,502,405,584,232
2.54,0,502,405,584,232
2.58,0,502,405,584,232
2.62,0,502,405,584,232
2.66,0,502,405,584,232
2.7,0,502,405,584,232
2.74,0,502,405,584,232
2.78,0,502,405,584,232
2.83,0,502,405,584,232
2.87,0,502,405,584,232
2.91,0,502,405,584,232
2.95,0,502,405,584,232
2.99,0,502,405,584,232
3.03,0,502,405,584,232
3.07,0,502,405,584,232
3.11,0,502,405,584,232
3.15,0,502,405,584,232
3.19,0,502,405,584,232
3.23,0,502,405,584,232
3.28,0,502,405,584,232
3.32,0,502,405,584,232
3.36,0,502,405,584,232
3.4,0,502,405,584,232
3.44,0,502,405,584,232
3.48,0,502,405,584,232
3.52,0,502,405,584,232
3.56,0,502,405,584,232
3.6,0,502,405,584,232
3.64,0,502,405,584,232
3.68,0,502,405,584,232
3.73,0,502,405,584,232
3.77,0,502,405,584,232
3.81,0,502,405,584,232
3.85,0,502,405,584,232
3.89,0,502,405,584,232
3.93,0,502,405,584,232
3.97,0,502,405,584,232
4.01,0,502,405,584,232
4.05,0,502,405,584,232
4.09,0,502,405,584,232
4.14,0,502,405,584,232
4.18,0,502,405,584,232
4.22,0,502,405,584,232
4.26,0,502,405,584,232
4.3,0,502,405,584,232
4.34,0,502,405,584,232
4.38,0,502,405,584,232
4.42,0,502,405,584,232
4.46,0,502,405,584,232
4.5,0,502,405,584,232
4.54,0,502,405,584,232
4.59,0,502,405,584,232
4.63,0,502,405,584,232
4.67,0,502,405,584,232
4.71,0,502,405,584,232
4.75,0,502,405,584,232
4.79,0,502,405,584,232
4.83,0,502,405,584,232
4.87,0,502,405,584,232
4.91,0,502,405,584,232
4.95,0,502,405,584,232
5.0,0,502,405,584,232
5.04,0,502,405,584,232
5.08,0,502,405,584,232
5.12,0,502,405,584,232
5.16,0,502,405,584,232
5.2,0,502,405,584,232
5.24,0,502,405,584,232
5.28,0,502,405,584,232
5.32,0,502,405,584,232
5.36,0,502,405,584,232
5.4,0,502,405,584,232
5.45,0,502,405,584,232
5.49,0,502,405,584,232
5.53,0,502,405,584,232
5.57,0,502,405,584,232
5.61,0,502,405,584,232
5.65,0,502,405,584,232
5.69,0,502,405,584,232
5.73,0,502,405,584,232
5.77,0,502,405,584,232
5.81,0,502,405,584,232
5.86,0,502,405,584,232
5.9,0,502,405,584,232
5.94,0,502,405,584,232
5.98,0,502,405,584,232
6.02,0,502,405,584,232
6.06,0,502,405,584,232
6.1,0,502,405,584,232
6.14,0,502,405,584,232
6.18,0,502,405,585,232
6.22,0,502,405,585,232
6.26,0,502,405,585,232
6.31,0,502,405,585,232
6.35,0,502,405,585,232
6.39,0,502,405,585,232
6.43,0,502,405,585,232
6.47,0,502,405,585,232
6.51,0,502,405,585,232
6.55,0,502,405,585,232
6.59,0,502,405,585,232
6.63,0,502,405,585,232
6.67,0,502,405,585,232
6.71,0,502,405,585,232
6.76,0,502,405,585,232
6.8,0,502,405,585,232
6.84,0,502,405,585,232
6.88,0,502,405,585,232
6.92,0,502,405,585,232
6.96,0,502,405,585,232
7.0,0,502,405,585,232
7.04,0,502,405,585,232
7.08,0,502,405,585,232
7.12,0,502,405,585,232
7.17,0,502,405,585,232
7.21,0,502,405,585,232
7.25,0,502,405,585,232
7.29,0,502,405,585,232
7.33,0,502,405,585,232
7.37,0,502,405,585,232
7.41,0,502,405,585,232
7.45,0,502,405,585,232
7.49,0,502,405,585,232
7.53,0,502,405,585,232
7.57,0,502,405,585,232
7.62,0,502,405,585,232
7.66,0,502,405,585,232
7.7,0,502,405,585,232
7.74,0,502,405,585,232
7.78,0,502,405,585,232
7.82,0,502,405,585,232
7.86,0,502,405,585,232
7.9,0,502,405,585,232
7.94,0,502,405,585,232
7.98,0,502,405,585,232
8.03,0,502,405,585,232
8.07,0,502,405,585,232
8.11,0,502,405,585,232
8.15,0,502,405,585,232
8.19,0,502,405,585,232
8.23,0,502,405,584,232
8.27,0,502,405,584,232
8.31,0,502,405,584,232
8.35,0,502,405,584,232
8.39,0,502,405,584,232
8.43,0,502,405,584,232
8.48,0,502,405,584,232
8.52,0,502,405,584,232
8.56,0,502,405,584,232
8.6,0,502,405,584,232
8.64,0,502,405,585,232
8.68,0,502,405,585,232
8.72,0,502,405,585,232
8.76,0,502,405,585,232
8.8,0,502,405,585,232
8.84,0,502,405,585,232
8.88,0,502,405,585,232
8.93,0,502,405,585,232
8.97,0,502,405,585,232
9.01,0,502,405,585,232
9.05,0,502,405,585,232
9.09,0,502,405,585,232
9.13,0,502,405,585,232
9.17,0,502,405,585,232
9.21,0,502,405,585,232
9.25,0,502,405,584,232
9.29,0,502,405,584,232
9.34,0,502,405,584,232
9.38,0,502,405,584,232
9.42,0,502,405,584,232
9.46,0,502,405,584,232
9.5,0,502,405,584,232
9.54,0,502,405,584,232
9.58,0,502,405,584,232
9.62,0,502,405,585,232
9.66,0,502,405,585,232
9.7,0,502,405,585,232
9.74,0,502,405,585,232
9.79,0,502,405,584,232
9.83,0,502,405,584,232
9.87,0,502,405,584,232
9.91,0,502,405,584,232
9.95,0,502,405,584,232
9.99,0,502,405,584,232
10.03,0,502,405,584,232
10.07,0,502,405,584,232
10.11,0,502,405,584,232
10.15,0,502,405,585,232
10.2,0,502,405,585,232
10.24,0,502,405,585,232
10.28,0,502,405,584,232
10.32,0,502,405,584,232
10.36,0,502,405,584,232
10.4,0,502,405,584,232
10.44,0,502,405,584,232
10.48,0,502,405,584,232
10.52,0,502,405,584,232
10.56,0,502,405,584,232
10.6,0,502,405,584,232
10.65,0,502,405,584,232
10.69,0,502,405,584,232
10.73,0,502,405,584,232
10.77,0,502,405,584,232
10.81,0,502,405,584,232
10.85,0,502,405,585,232
10.89,0,502,405,585,232
10.93,0,502,405,584,232
10.97,0,502,405,584,232
11.01,0,502,405,584,232
11.05,0,502,405,584,232
11.1,0,502,405,584,232
11.14,0,502,405,584,232
11.18,0,502,405,584,232
11.22,0,502,405,584,232
11.26,0,502,405,584,232
11.3,0,502,405,584,232
11.34,0,502,405,584,232
11.38,0,502,405,584,232
11.42,0,502,405,584,232
11.46,0,502,405,584,232
11.51,0,502,405,584,232
11.55,0,502,405,584,232
11.59,0,502,405,584,232
11.63,0,502,405,584,232
11.67,0,502,405,584,232
11.71,0,502,405,584,232
11.75,0,502,405,584,232
11.79,0,502,405,584,232
11.83,0,502,405,584,232
11.87,0,502,405,584,232
11.91,0,502,405,584,232
11.96,0,502,405,584,232
12.0,0,502,405,584,232
12.04,0,502,405,584,232
12.08,0,502,405,584,232
12.12,0,502,405,584,232
12.16,0,502,405,584,232
12.2,0,502,405,584,232
12.24,0,502,405,584,232
12.28,0,502,405,584,232
12.32,0,502,405,584,232
12.37,0,502,405,584,232
12.41,0,502,405,584,232
12.45,0,502,405,584,232
12.49,0,502,405,584,232
12.53,0,502,405,584,232
12.57,0,502,405,584,232
12.61,0,502,405,584,232
12.65,0,502,405,584,232
12.69,0,502,405,584,232
12.73,0,502,405,584,232
12.77,0,502,405,584,232
12.82,0,502,405,584,232
12.86,0,502,405,584,232
12.9,0,502,405,584,232
12.94,0,502,405,584,232
12.98,0,502,405,584,232
13.02,0,502,405,584,232
13.06,0,502,405,584,232
13.1,0,502,405,584,232
13.14,0,502,405,584,232
13.18,0,502,405,584,232
13.22,0,502,405,584,232
13.27,0,502,405,584,232
13.31,0,502,405,584,232
13.35,0,502,405,584,232
13.39,0,502,405,584,232
13.43,0,502,405,584,232
13.47,0,502,405,584,232
13.51,0,502,405,584,232
13.55,0,502,405,584,232
13.59,0,502,405,584,232
13.63,0,502,405,584,232
13.68,0,502,405,584,232
13.72,0,502,405,584,232
13.76,0,502,405,584,232
13.8,0,502,405,584,232
13.84,0,502,405,584,232
13.88,0,502,405,584,232
13.92,0,502,405,584,232
13.96,0,502,405,584,232
14.0,0,502,405,584,232
14.04,0,502,405,584,232
14.08,0,502,405,584,232
14.13,0,502,405,584,232
14.17,0,502,405,584,232
14.21,0,502,405,584,232
14.25,0,502,405,584,232
14.29,0,502,405,584,232
14.33,0,502,405,584,232
14.37,0,502,405,584,232
14.41,0,502,405,584,232
14.45,0,502,405,584,232
14.49,0,502,405,584,232
14.54,0,502,405,584,232
14.58,0,502,405,584,232
14.62,0,502,405,584,232
14.66,0,502,405,584,232
14.7,0,502,405,584,232
14.74,0,502,405,584,232
14.78,0,502,405,584,232
14.82,0,502,405,584,232
14.86,0,502,405,584,232
14.9,0,502,405,584,232
14.94,0,502,405,584,232
14.99,0,502,405,584,232
15.03,0,502,405,584,232
15.07,0,502,405,584,232
15.11,0,502,405,584,232
15.15,0,502,405,584,232
15.19,0,502,405,584,232
15.23,0,502,405,584,232
15.27,0,502,405,584,232
15.31,0,502,405,584,232
15.35,0,502,405,584,232
15.4,0,502,405,584,232
15.44,0,502,405,584,232
15.48,0,502,405,584,232
15.52,0,502,405,584,232
15.56,0,502,405,584,232
15.6,0,502,405,584,232
15.64,0,502,405,584,232
15.68,0,502,405,584,232
15.72,0,502,405,584,232
15.76,0,502,405,584,232
15.8,0,502,405,584,232
15.85,0,502,405,584,232
15.89,0,502,405,584,232
15.93,0,502,405,584,232
15.97,0,502,405,584,232
16.01,0,502,405,584,232
16.05,0,502,405,584,232
16.09,0,502,405,584,232
16.13,0,502,405,584,232
16.17,0,502,405,584,232
16.21,0,502,405,584,232
16.25,0,502,405,584,232
16.3,0,502,405,584,232
16.34,0,502,405,584,232
16.38,0,502,405,584,232
16.42,0,502,405,584,232
16.46,0,502,405,584,232
16.5,0,502,405,584,232
16.54,0,502,405,584,232
16.58,0,502,405,584,232
16.62,0,502,405,584,232
16.66,0,502,405,584,232
16.71,0,502,405,584,232
16.75,0,502,405,584,232
16.79,0,502,405,584,232
16.83,0,502,405,584,232
16.87,0,502,405,584,232
16.91,0,502,405,584,232
16.95,0,502,405,584,232
16.99,0,502,405,584,232
17.03,0,502,405,584,232
17.07,0,502,405,585,232
17.11,0,502,405,585,232
17.16,0,502,405,585,232
17.2,0,502,405,584,232
17.24,0,502,405,584,232
17.28,0,502,405,584,232
17.32,0,502,405,584,232
17.36,0,502,405,584,232
17.4,0,502,405,584,232
17.44,0,502,405,584,232
17.48,0,502,405,584,232
17.52,0,502,405,584,232
17.57,0,502,405,584,232
17.61,0,502,405,584,232
17.65,0,502,405,584,232
17.69,0,502,405,584,232
17.73,0,502,405,584,232
17.77,0,502,405,584,232
17.81,0,502,405,584,232
17.85,0,502,405,584,232
17.89,0,502,405,584,232
17.93,0,502,405,584,232
17.97,0,502,405,584,232
18.02,0,502,405,584,232
18.06,0,502,405,584,232
18.1,0,502,405,584,232
18.14,0,502,405,584,232
18.18,0,502,405,584,232
18.22,0,502,405,584,232
18.26,0,502,405,584,232
18.3,0,502,405,584,232
18.34,0,502,405,584,232
18.38,0,502,405,584,232
18.42,0,502,405,584,232
18.47,0,502,405,584,232
18.51,0,502,405,584,232
18.55,0,502,405,584,232
18.59,0,502,405,584,232
18.63,0,502,405,584,232
18.67,0,502,405,584,232
18.71,0,502,405,584,232
18.75,0,502,405,584,232
18.79,0,502,405,584,232
18.83,0,502,405,584,232
18.88,0,502,405,584,232
18.92,0,502,405,584,232
18.96,0,502,405,584,232
19.0,0,502,405,584,232
19.04,0,502,405,584,232
19.08,0,502,405,584,232
0.04,1,385,262,507,183
0.08,1,385,262,507,183
0.12,1,385,262,507,183
0.16,1,385,262,507,183
0.2,1,385,262,507,183
0.24,1,385,262,507,183
0.28,1,385,262,507,183
0.32,1,385,262,507,183
0.36,1,385,262,507,183
0.4,1,385,262,507,183
0.44,1,385,262,507,183
0.48,1,385,262,507,183
0.52,1,385,262,507,183
0.56,1,385,262,507,183
0.6,1,385,262,507,183
0.64,1,385,262,507,183
0.68,1,385,262,507,183
0.72,1,385,262,507,183
0.76,1,385,262,507,183
0.8,1,385,262,507,183
0.84,1,385,262,507,183
0.88,1,385,262,507,183
0.92,1,385,262,507,183
0.96,1,385,262,507,183
1.0,1,385,262,508,184
1.04,1,385,263,509,184
1.08,1,385,263,509,184
1.12,1,385,263,510,185
1.16,1,386,264,510,185
1.2,1,386,264,511,185
1.24,1,387,265,511,185
1.28,1,387,265,512,186
1.32,1,388,266,513,186
1.36,1,389,267,513,186
1.4,1,390,268,514,187
1.44,1,391,269,515,186
1.48,1,392,270,516,187
1.52,1,393,271,516,187
1.56,1,394,272,516,187
1.6,1,394,273,517,187
1.64,1,395,273,517,187
1.68,1,396,274,518,186
1.72,1,397,275,518,185
1.76,1,398,276,517,184
1.8,1,398,276,516,182
1.84,1,399,278,515,179
1.88,1,400,278,513,177
1.92,1,401,279,512,176
1.96,1,402,279,511,175
2.0,1,403,280,509,175
2.04,1,403,281,507,174
2.08,1,404,281,506,175
2.12,1,404,281,505,175
2.16,1,404,281,503,174
2.2,1,404,282,502,174
2.24,1,404,281,502,175
2.28,1,404,280,501,176
2.32,1,404,278,502,178
2.36,1,402,275,501,179
2.4,1,401,273,501,179
2.44,1,399,269,501,179
2.48,1,397,265,501,180
2.52,1,394,261,501,180
2.56,1,391,258,501,180
2.6,1,388,255,501,180
2.64,1,385,254,501,180
2.68,1,383,254,501,180
2.72,1,382,254,501,180
2.76,1,381,255,502,181
2.8,1,380,258,502,181
2.84,1,380,261,502,182
2.88,1,380,265,502,181
2.92,1,380,265,503,182
2.96,1,380,264,503,182
3.0,1,380,263,504,182
3.04,1,380,263,504,182
3.08,1,380,263,504,182
3.12,1,380,262,505,183
3.16,1,381,262,505,183
3.2,1,381,262,506,183
3.24,1,382,263,506,183
3.28,1,383,263,507,184
3.32,1,384,264,507,184
3.36,1,384,264,508,184
3.4,1,385,265,508,184
3.44,1,387,266,509,184
3.48,1,387,267,510,185
3.52,1,389,268,510,185
3.56,1,390,269,511,185
3.6,1,390,269,511,186
3.64,1,392,270,512,186
3.68,1,393,271,512,187
3.72,1,394,272,512,187
3.76,1,395,273,513,187
3.8,1,395,274,514,188
3.84,1,396,275,513,188
3.88,1,397,276,514,188
3.92,1,398,277,515,188
3.96,1,399,277,515,188
4.0,1,400,278,516,188
4.04,1,400,279,516,187
4.08,1,401,279,516,187
4.12,1,402,280,516,187
4.16,1,403,281,517,185
4.2,1,403,282,517,183
4.24,1,404,282,517,181
4.28,1,404,282,517,179
4.32,1,404,282,516,177
4.36,1,404,282,513,175
4.4,1,404,281,512,175
4.44,1,403,279,510,174
4.48,1,402,276,508,174
4.52,1,401,272,507,173
4.56,1,399,267,505,173
4.6,1,397,263,504,174
4.64,1,394,259,502,175
4.68,1,392,256,502,176
4.72,1,389,255,501,177
4.76,1,386,254,501,178
4.8,1,385,254,501,179
4.84,1,384,255,500,179
4.88,1,383,257,500,180
4.92,1,383,259,500,181
4.96,1,383,263,500,181
5.0,1,383,264,501,181
5.04,1,383,264,500,181
5.08,1,382,264,500,181
5.12,1,382,264,501,181
5.16,1,383,263,501,180
5.2,1,383,263,501,181
5.24,1,383,263,502,181
5.28,1,383,263,502,181
5.32,1,383,263,502,181
5.36,1,383,264,502,181
5.4,1,383,264,503,181
5.44,1,383,264,502,181
5.48,1,383,263,503,181
5.52,1,383,263,502,182
5.56,1,383,263,502,182
5.6,1,383,264,503,182
5.64,1,384,264,503,182
5.68,1,385,264,503,182
5.72,1,385,265,504,183
5.76,1,386,266,504,182
5.8,1,386,266,504,183
5.84,1,387,267,504,183
5.88,1,388,268,505,183
5.92,1,388,268,505,183
5.96,1,389,269,506,184
6.0,1,389,269,506,184
6.04,1,390,270,506,184
6.08,1,391,271,507,184
6.12,1,391,271,508,185
6.16,1,392,272,508,185
6.2,1,392,272,509,185
6.24,1,393,273,510,185
6.28,1,394,274,510,185
6.32,1,394,274,511,186
6.36,1,395,275,511,186
6.4,1,395,276,512,186
6.44,1,396,276,512,186
6.48,1,396,277,513,186
6.52,1,397,277,512,186
6.56,1,397,278,513,186
6.6,1,398,279,514,186
6.64,1,399,279,514,186
6.68,1,399,280,515,187
6.72,1,400,280,515,186
6.76,1,400,281,515,187
6.8,1,401,281,516,186
6.84,1,401,282,516,185
6.88,1,402,282,516,183
6.92,1,402,282,516,181
6.96,1,403,283,515,179
7.0,1,403,283,514,177
7.04,1,404,283,513,175
7.08,1,404,283,511,175
7.12,1,404,283,509,173
7.16,1,404,283,507,173
7.2,1,404,282,505,173
7.24,1,403,279,504,174
7.28,1,402,275,503,175
7.32,1,401,269,502,176
7.36,1,398,263,501,177
7.4,1,395,258,501,178
7.44,1,392,253,500,179
7.48,1,390,251,500,180
7.52,1,387,250,500,180
7.56,1,385,250,500,180
7.6,1,382,253,501,180
7.64,1,382,255,501,180
7.68,1,381,259,501,181
7.72,1,381,264,502,181
7.76,1,381,264,501,181
7.8,1,381,264,501,181
7.84,1,381,264,502,181
7.88,1,381,264,502,182
7.92,1,381,264,502,182
7.96,1,381,264,503,182
8.0,1,381,264,502,182
8.04,1,381,264,503,182
8.08,1,381,264,503,182
8.12,1,381,265,503,182
8.16,1,381,265,504,183
8.2,1,381,265,504,183
8.24,1,381,264,504,183
8.28,1,381,264,505,183
8.32,1,381,264,505,183
8.36,1,381,264,505,184
8.4,1,381,264,506,184
8.44,1,381,264,507,184
8.48,1,381,264,507,184
8.52,1,382,264,507,184
8.56,1,382,264,508,185
8.6,1,382,264,508,185
8.64,1,382,264,508,185
8.68,1,383,265,509,185
8.72,1,383,265,509,186
8.76,1,383,265,510,186
8.8,1,384,266,511,186
8.84,1,384,266,511,187
8.88,1,385,266,512,187
8.92,1,385,267,512,187
8.96,1,385,267,512,187
9.0,1,386,268,513,187
9.04,1,387,268,512,187
9.08,1,387,268,513,187
9.12,1,388,269,514,187
9.16,1,388,270,515,187
9.2,1,389,271,515,187
9.24,1,389,271,516,188
9.28,1,390,271,516,187
9.32,1,391,272,516,186
9.36,1,391,273,516,185
9.4,1,391,273,516,183
9.44,1,392,274,514,182
9.48,1,392,274,513,179
9.52,1,393,275,512,176
9.56,1,394,275,510,175
9.6,1,394,276,508,174
9.64,1,395,277,506,173
9.68,1,395,277,504,173
9.72,1,396,278,503,173
9.76,1,396,278,502,173
9.8,1,397,279,501,175
9.84,1,398,279,500,176
9.88,1,398,279,500,178
9.92,1,398,280,500,178
9.96,1,399,281,499,179
10.0,1,400,281,499,181
10.04,1,400,282,499,181
10.08,1,401,282,499,181
10.12,1,401,282,500,181
10.16,1,401,282,500,181
10.2,1,400,280,500,181
10.24,1,399,277,501,181
10.28,1,398,273,501,182
10.32,1,396,268,501,182
10.36,1,394,264,502,182
10.4,1,392,260,502,182
10.44,1,389,256,503,182
10.48,1,387,255,503,183
10.52,1,385,254,503,183
10.56,1,384,254,503,183
10.6,1,382,256,503,183
10.64,1,381,258,504,183
10.68,1,381,259,504,183
10.72,1,381,262,504,183
10.76,1,381,265,504,183
10.8,1,381,265,505,184
10.84,1,381,266,505,184
10.88,1,381,266,506,184
10.92,1,381,266,506,184
10.96,1,381,266,507,184
11.0,1,381,266,507,184
11.04,1,381,266,508,185
11.08,1,381,266,508,185
11.12,1,381,266,509,185
11.16,1,381,266,509,185
11.2,1,381,266,509,185
11.24,1,381,266,509,186
11.28,1,381,265,510,186
11.32,1,381,265,510,186
11.36,1,381,265,510,186
11.4,1,381,265,511,186
11.44,1,381,265,511,187
11.48,1,381,265,512,187
11.52,1,381,265,512,187
11.56,1,382,265,512,187
11.6,1,383,266,513,187
11.64,1,383,267,513,187
11.68,1,384,267,513,187
11.72,1,385,267,514,188
11.76,1,385,268,515,188
11.8,1,385,268,515,188
11.84,1,386,269,515,188
11.88,1,387,269,516,188
11.92,1,387,270,517,187
11.96,1,388,271,517,187
12.0,1,388,271,517,185
12.04,1,389,272,517,183
12.08,1,390,272,517,181
12.12,1,390,273,515,179
12.16,1,391,274,514,177
12.2,1,392,274,512,174
12.24,1,392,275,511,173
12.28,1,393,275,508,172
12.32,1,393,276,506,171
12.36,1,394,277,505,172
12.4,1,394,277,503,172
12.44,1,395,277,502,173
12.48,1,395,278,501,174
12.52,1,396,278,500,175
12.56,1,396,279,500,177
12.6,1,397,279,499,177
12.64,1,397,280,499,178
12.68,1,397,280,499,179
12.72,1,398,281,499,179
12.76,1,398,281,499,180
12.8,1,399,281,499,179
12.84,1,399,282,500,180
12.88,1,400,282,500,180
12.92,1,400,282,499,180
12.96,1,401,283,500,179
13.0,1,401,283,500,180
13.04,1,401,283,500,180
13.08,1,401,283,501,180
13.12,1,401,282,501,180
13.16,1,400,278,501,181
13.2,1,398,274,501,181
13.24,1,396,268,502,181
13.28,1,394,263,502,181
13.32,1,390,258,502,181
13.36,1,388,254,503,182
13.4,1,385,252,503,182
13.44,1,384,250,503,182
13.48,1,382,250,503,182
13.52,1,381,251,503,182
13.56,1,380,253,504,183
13.6,1,380,256,504,183
13.64,1,380,260,504,183
13.68,1,380,263,505,184
13.72,1,380,266,505,184
13.76,1,380,265,506,184
13.8,1,380,265,505,184
13.84,1,381,265,505,184
13.88,1,381,265,506,184
13.92,1,380,265,506,184
13.96,1,380,265,507,185
14.0,1,380,265,507,184
14.04,1,380,265,507,185
14.08,1,380,265,508,186
14.12,1,380,265,508,186
14.16,1,380,265,509,186
14.2,1,380,265,510,185
14.24,1,381,265,510,186
14.28,1,381,265,510,186
14.32,1,381,265,511,186
14.36,1,381,265,512,186
14.4,1,381,265,512,186
14.44,1,381,265,513,186
14.48,1,382,265,513,186
14.52,1,382,266,514,185
14.56,1,383,266,514,186
14.6,1,383,266,515,186
14.64,1,384,267,516,185
14.68,1,384,267,516,185
14.72,1,385,268,516,185
14.76,1,385,268,516,184
14.8,1,386,269,516,182
14.84,1,386,269,515,179
14.88,1,387,269,514,177
14.92,1,387,270,512,175
14.96,1,388,270,510,174
15.0,1,388,271,508,174
15.04,1,388,271,506,173
15.08,1,389,272,504,172
15.12,1,389,272,503,173
15.16,1,390,273,502,173
15.2,1,390,273,500,173
15.24,1,391,274,500,174
15.28,1,391,274,499,175
15.32,1,392,274,499,176
15.36,1,392,275,499,176
15.4,1,393,275,499,177
15.44,1,393,276,499,178
15.48,1,394,276,498,179
15.52,1,394,277,498,179
15.56,1,395,277,498,179
15.6,1,395,278,498,179
15.64,1,396,278,499,179
15.68,1,396,278,499,179
15.72,1,396,279,499,180
15.76,1,397,279,499,180
15.8,1,397,280,500,180
15.84,1,398,280,500,180
15.88,1,398,280,501,181
15.92,1,399,280,501,181
15.96,1,399,281,501,181
16.0,1,399,281,501,182
16.04,1,400,281,501,182
16.08,1,401,282,502,182
